comment,vote,author
十几岁的时候渴慕着小王子，一天之间可以看四十四次日落。是在多久之后才明白，看四十四次日落的小王子，他有多么难过。,1582,眠去
读了好多年，终于读完了，但是实在共鸣不起来，虽然知道那些道理，但真的觉得没什么了不起啊，是我还太幼稚吗？,858,小岩井
我早该猜到，在她那可笑的伎俩后面是缱绻柔情啊。花朵是如此的天真无邪，可是，我毕竟太年轻了，不知该如何去爱她。,771,[已注销]
我的玫瑰花儿，只有四个微不足道的刺，用来抵御这个世界。,567,渍
谁能告诉俺，小王子这种书有什么好看的？,363,陈毓秀
他像一颗树那样倒了下去,328,猫伯爵
不能理解的是，為什么它忽然紅成這樣？,131,北溟鱼
虽然我实在幼稚，但我并不怎么喜欢孩童般的纯净，我只爱风浪过后的平静，流水打磨出的清亮，大雪纷飞时的安宁，沧桑看透的纯真，我爱眼冷心热的庄子，人究竟无所逃于天地之间，各适其性，做自己认为有意义的事就好了，无论是统治宇宙还是喝酒点灯，对他们来说，都比爱一朵玫瑰重要，这不是很好的么,126,把酒临风之菱夏
说实话 我看不太懂 但还是跟风给个5星吧 以显示我也是有思想有学识之人,190,黛安Diane
It is the time you have wasted for your rose that makes your rose so important.,115,何小沁
"狐狸告诉小王子的秘密是：用心去看才看得清楚；是分离让小王子更思念他的玫瑰；爱就是责任。 
",131,蛇
第一遍读时，我才4岁。等到真的读懂，才明白为什么这是一部“童话”。,131,7酱™
我老觉得小狐狸跟小王子是在搞GAY,133,杜边生
"爱屋及乌，爱一个人会让周围的一切变得美好，连麦浪的金黄都会让人心醉。 
　　　　 
　　　　爱同样意味着责任。因为“你现在要对你驯服过的一切负责到底”。爱与被爱都有责任，每一段我们曾经付出过的感情，都必须为对方，为爱情负责，不是吗？ 
　　　　 
　　　　爱很多时候又会面临失去。小王子离开的时候，对狐狸说“那么你什么好处也没得到”。狐狸回答：“由于麦子颜色的缘故，我还是得到了好处”。爱同样意味着宽容，意味着放弃，也许我们在面对渐行渐远的爱情，该抱着平和感激的心态，因为我们起码收获了麦浪的金黄！ 
　　　　 
　　　　狐狸同样告诉小王子，“只有用心才能看得清。实质性的东西，用眼睛是看不见的”。只有这样，才能让我看清爱的本质。 
　　　　 
　　　　爱是什么？ 
　　　　 
　　",150,[已注销]
痛苦迷茫不是因为成为了“可笑”的大人，而是成为大人却没有真正长大。所以回过头来想要从怀念童年中解脱缓解痛苦那是本末倒置的做法。如果你作为一个成年人觉得痛苦，原因不是因为你“成年”了，也不是因为是生而为“人”，而是“你”停止了思考停止了学习。,91,Cassie
漫山遍野的玫瑰，但真的，我最喜欢最初的那一朵，带刺儿的那一朵。我能不能回去继续浇灌那朵玫瑰⋯⋯,112,E
长这么大，读过次数最多的书就是《小王子》，我是那么的爱这本书，可是我都没有一本属于我的小王子，每次想读了就去图书馆借他，读过很多版本的小王子，但是每次读他，小王子在我心中都不一样。我在我的612星球等我的小王子回家，但有时候我也不确定我是玫瑰还是狐狸或是那条毒蛇，可能我也是小王子。,124,漫漫
"其實我覺得小王子自私不負責, 沒有看懂玫瑰, 而且被動地把小狐狸傷害了, 小王子看懂很多人和事, 卻到最後才明白愛情的本質。",66,波蘭修女
原来在我还不懂爱情的时候就爱上了你,95,暴走系乙女药
如果你是小王子，我就是那捉鸡的狐狸，求你驯养了我，却又对你说要你回去对你的玫瑰花负责。还大方地以为只要看见了麦田就会想起你头发的颜色。我却永远无法随你回到B-612星球。现在觉得，我可能只是猴面包树而已。,78,ZIII 
明明知道会受伤，还是义无反顾，人和狐狸一样，理智有时候睡着了,50,八月·水语
不知道第几次重读。每过一段时间再读，都有新的收获。心变得很柔软，脑里的迷雾被驱散。更多的关注他人，关心这个世界，自私是多么无趣的事情啊。我想，写一本能温暖人心，帮助困难的人们的书，比世界上很多事情都有意义。,72,Miaou
无聊,33,[已注销]
你要非常有耐心，”狐狸说，“首先，你要在离我有点远的地方坐下，就像这样，坐在草地上。我会偷偷地看你，你不要说话。语言是误解的根源。但你每天都要坐得离我更近一点,39,孬爷爷
这是一本定位颇尴尬的名著，薄薄的一本小册子里充满了太多的暗喻和说教，对孩子来说看不懂且沉闷，对大人来说，也许能够理解其中一部分的暗喻了，但是却又早已成为了书中的“成年人”。,41,河狸
哎，虽然说对作品一人一种解读，可是《小王子》它本身的基础里，是没有纯洁的。描述的是诈骗和算计。智商低的人解读不出这种算计；没见过世面，美见得少、爱见得少的，灵魂里没有天生的宏大的年轻小朋友，拿着李鬼叫李逵而已。这也能代表爱情，真正的爱情要笑死了！……直说它法式矫情和法式智商低，一定会被围殴。哎。可是真的好想拆穿---这皇帝没穿新衣。,28,is4dog
一边读一边很想哭。太寂寞了。人类真的太寂寞了。,50,陳蘇蘇二逼人生
是你浪费在我身上的时间 使我变得 如此珍贵,50,望月萌塔
没别人说的那么神,28,陳二
记得世上会有干净纯粹的小王子，记得世上亦有温驯而微薄的狐狸。,47,芽 衣*
狐狸再好又有什么用，他还是爱玫瑰花,37,晚回舟
记得当年傅子一语，对文学稍有感觉的人，都会感动的一本书。,36,thea
我俗气不知道在讲什么。。。,22,七十三
可如果你驯服了我，那就好比是太阳又重新照亮我的生活。我会知道有个脚步声和其他所有的都不同。其他的脚步声会让我赶快躲进地下。而你的则会像音乐一样呼唤我出洞。,18,安东
好东西，但不喜欢有些人把小王子抬得那么高，全是装逼,25,楊不歡
这就象花一样。如果你爱上了一朵生长在一颗星星上的花，那么夜间，你看着天空就感到甜蜜愉快，所有的星星上都好象开着花。玫瑰花。酒鬼。行星与落日。,16,Nee
反复反复反复看的枕边书,13,苏豆芽
要是你喜欢一朵花儿，而她在一颗星星上。那你夜里看着天空。就会觉得很美。所有的星星都像~开满了花儿~……而这些~大人是不懂的-____-,18,Doris小武
"接触到教育这专业后，开始看各国著名教育家的著作，看的第一本圣埃克苏佩里的书是《风、沙与星辰》，因为那时候很喜欢礼利奥.巴斯卡利亚，看了他的《love  living learning》,里面就提到了《风、沙与星辰》，所以就去看了。接着接触到绘本，原来这么著名的绘本素材是圣埃克苏佩里的啊，各种惊呆。跟《窗边的小豆豆》一样，经久不衰唉。",11,Yoyo~
我小的时候，没有看懂。现在想起来，竟然觉得这个故事冷。看了几遍都没有太看懂。直到有一天突然发现那种孤独。那种有很多星球可是只有你一个居民的孤独。精心呵护的玫瑰，路遇的小狐狸。所以才要和飞行员对话吧，因为太寂寞了。可是我们每个人，都是拥有一个星球的小王子。我学不会爱，学不会接受爱。,18,我不是盆栽啊
这个评分给我好大的压力……,8,Moss大妖
请给我画一只绵羊。,9,沉歌
纯美。简单的竟然读不大懂。,14,星尘战场
我还没到那境界,11,毛毛酱
"看完书后时常想:小王子会不会在他的小行星里和他的玫瑰幸福的生活在一起,偶尔是否会想念那个被他驯服的狐狸?",10,Anya
终于读了这本被捧上天的书，事实证明，以前没读就对了,15,The 星星
永远的偶像,6,水湄物语
我说小王子死掉了，小表妹说他回到自己的星球了,8,璞石
是你浪费在我身上的时间 使我变得如此珍贵。,7,迪仔I编号223
这是一本读给孩子听，但是触动的是大人的童话，是一本值得一生珍藏，甚至带着它躲避末日浩劫的作品。你能用怎样的话去评价它呢？怎样的话都显得多余，只能自己亲自读过后才能明白。推荐给所有觉得成长是种疲惫的人，让小王子告诉你，一朵长在你心里的玫瑰，胜过千万朵花圃里的那经济作物。,20,冷百科孙小社
玫瑰玫瑰你在哪里？,4,沐风而遇周星星
其实被用滥了,4,三七莲华
如此忧伤的成人童话,14,周冲
我爱极了小狐狸,9,j u n
“由于麦子颜色的缘故，我还是得到了好处。”,14,汐丶曦
白天因为下雨什么都没做，心里觉得慌张，上班前看了一部分，公车上又看一部分，上课又偷偷看了一部分，被这个温暖的小故事打动得不行。,8,胡子
没有传说中的厉害,5,就叫我麦兜吧
当时看的时候没什么感觉  后来在经历一些人事后 脑里突然走过书中的句子 很多东西 就那样释怀了,5,桃兜兜
全豆瓣读书频道“读过”最多的。,6,老醜殘🐰
我不懂为什么大家都喜欢,6,汤玛士的小火车
最早看过的读物，真的很好看,6,晗月
２３岁才终于读懂了．,5,兰凯茵
真希望能成为他的玫瑰。,5,啊灼灼
如今再读一遍这本书，才觉得读懂了它，一边读一边感到人类真孤独，这种孤独的美感又令我感动。,3,孔龙
很感动寓意很深,11,我开心就好
中英對照來讀，樂趣少了很多。,2,藍莓 Sunday
之前还在和小王子畅游于小行星之间，一转眼就要分别，这本书为何如此之短，先前早耳闻很多人看此书一遍连一遍不知疲倦，又有妹子威胁如果不喜欢就要打死我，如今看完才知，确实值得再看。,5,缺德梅
无法理解书中的爱情观和友情观。是我长大了。但我庆幸于这样的成长，书中这样幼稚直白的爱情追求让我恐惧。狐狸付出一心柔情仍敌不过他心里那朵骄纵刺人的玫瑰花。他疲于容忍那朵花儿的无理取闹却还满心牵挂，哪怕她从未理解他的孤独。他的确想摆脱孤独，漫长的找寻之路，却最终只能面对孤独，依存孤独。,4,Angelene
"只有用心灵才能看得清事物本质，真正重要的东西是肉眼无法看见的。 如果你爱上了某个星球的一朵花。那么，只要在夜晚仰望星空，就会觉得漫天的繁星就像一朵朵盛开的花。 
 
　　 

",10,KinG羽
我曾经是个孩子,6,shu
认真读过很多遍却不敢评论，似乎总有想法飘过却又抓不住，还是没法产生很大共鸣。写给成年人看的童话，满怀温情，像是在讲道理，我却抓不住要义。,15,风雪添作酒
这个版本好像买了十几本，送人。,3,空空
像是一个呢喃的梦。小狐狸和玫瑰花都爱。,8,小鹿备考中
我们常称赞一个人很纯真，到底什么是纯真呢？大人的世界很奇怪，他们对眼前的美好视而不见转而去追逐虚无的东西。,4,Wunching
在大家都为狐狸与玫瑰醉心时，我却单单迷上了孤独看日落的小王子。,2,饭强强
初读是高中，彼时朦朦胧胧，并无太多触动。长大了再读，却数次掩卷叹息。有些事，不经历就不会懂。譬如玫瑰傲娇的刺，麦子的颜色，星星上的笑声。小时候单纯地喜欢玫瑰因为觉得得到男主爱的就是女主，长大了却每次看到狐狸都会热泪盈眶。“由于麦子颜色的缘故，我还是得到了好处。”以前不明白，但现在懂了。我很开心，真的。,4,燕小七童鞋
你看，看到那边的麦田了吗？我不吃面包，麦子对我来说一点意义也没有，麦田无法让我产生联想，这实在可悲。但是，你有一头金发，如果你驯养我，那该有多么美好啊！金黄色的麦子会让我想起你，我也会喜欢听风在麦穗间吹拂的声音。,8,[已注销]
今之浮躁和功利如我，内心早已难回宁静和纯真。有时候夜阅此书，暗自垂泪，暗自怀念，然后依旧空虚寂寞。9,4,李然
...,1,[已注销]
我以前一直以为小王子是王尔德写的。。。我勒个去,3,辄馨
重温完毕。,2,★☆☆☆☆
越简单越复杂。对于世界，我们还是知之太少。结尾同《查令十字街84号》那样深情款款。,3,朱尔赫斯
我爱你。,3,KO
这是我无法在童年时代看懂的童话，却在成年后一再想起。,5,璀璨
每个人都不该错过的著作，无论你今年13岁还是30岁。,2,金马洛
总觉得自己是小狐狸，等待着小王子的到来,2,不要焦虑浣熊妹
由于麦子颜色的缘故 我还是得到了好处。。。爱得有尊严！,5,linn
好想看那么多次日落，这样心情就不会不好了。,3,沈十六
重读了一遍 依然不懂。。,4,这里有只神经病
含义隽永，耐得细细反刍品味,3,高地清风
世界上除了《圣经》之外被最多人阅读的书。小孩儿能看到美，成人能看到真。语言精致，想象瑰丽。圣艾利苏佩克创作最纯最牢固的爱情和信念，可惜自己终究不是。就和作者一样，这都是我们的理想。,3,AsuraHu
大人的语言世界常常是混乱和不洁净的，《小王子》读起来让我重拾了好多很好的语言习惯，干净利落，单纯天真，烂漫自然，朴实真挚。这都是这个时代的年轻人最缺乏的情感。,3,[已注销]
有多少孩子，长大后变成了一本正经、只会数数的红脸胖子？他们都忘了，最重要的东西是肉眼看不到的，只对你驯养的对象有意义。,1,一尘
永远最爱的童话之一。在我的生命里翻腾的意象群。,1,静流
个P,1,尉迟歌
给成年人的童话。,1,熊大茸
好吧，天蝎座你赢了。,1,忧伤的不江北
也许世界上也有五千朵和你一模一样的花，但只有你是我独一无二的玫瑰。你在你的玫瑰花身上耗费的时间使得你的玫瑰花变得如此重要。如果你要驯服一个人，就要冒着掉眼泪的危险。一旦你驯服了什么，就要对她负责，永远的负责。,6,二月鸟语
狐狸和玫瑰花。。,1,混账王利夫
"小王子又脆弱又可爱,只想把他捧在手心上",2,捏墨
我好喜欢。,1,小至
马老师译得好！,1,大头绿豆
每个人是不是都是自大狂？守着狭小的星球自以为国王，殊不知在外人看来不过为豆丁大小的事日夜忙碌而不自知。小王子是幸福的，因为他忠于内心；狐狸是幸福的，因为他爱着；可是即使被爱，玫瑰是幸福的吗？我不知道，我只知道，我宁愿散落在宇宙的漩涡中连风雪夜归人都做不了，也不要过哪怕一天玻璃花罩中的日子。我还会离开，也还会归来，世界另一端还有个男孩子，和他弯弯带笑的眼睛，请再等等我，我想告诉他我爱他，想和他携手同行。,5,Tianyu
清新，透亮,1,cys.tony
wanna be able to read the french version...,3,交换子
讽刺的意味很浓厚啊 不过只有像我这样深陷红尘的人才会自嘲 作者本意不想这样,2,藏鳞
无以形容的10星。,1,A-sun*
最初的感动,2,Pan小月
常常会拿出来看的书,0,传奇☂
dream what u dream,0,竹子
永难忘怀,1,剥洋葱
真不怎么好看,2,亞麻君
世界太复杂，所以内心要更简单,3,Guasong
什么样的语言都表达不出，你的故事带给我的幸福和孤独。,3,思泉
看完之后，可以让你思考一些问题。,3,小时
到二十几岁才第一次读小王子真的是相见恨晚。,1,Parano
最美的，是当初年纪还小时候对于未知世界的好奇与想象。语言再过美好辞藻再过华丽，也比不上那种纯真。因为，小王子本身就只是个质朴的故事而已。,3,[已注销]
夜晚，当你望着天空的时候，既然我就住在其中一颗星星上，既然我在其中一颗星星上笑着，那么对你来说，就好像所有的星星都在笑，那么你将看到的星星就是会笑的星星。,6,陶者无缰
我不怕爱错，只是真的好怕，没爱过,1,普拉
姑娘爱沙漠，沙漠有狐狸。,2,陈太阳
“帮我画一只戴口罩的绵羊吧，这样它就不会吃掉我的花儿了。”,4,镜泉
平安夜，时隔八年之后，我把《小王子》认真重读了一遍。有些书真的是历久弥新，越是长大了读越有味。看到那句“只有你一个人，看见的是会笑的星星”，哭惨了-_-#,1,四十四次日落
在学校无聊时读完的书，看完之后才发现似乎以前在什么地方看过的，因为很多地方实际上是有印象的。不过，作为一本成人童话，也许现在看是最好的，甚至再老一些。。。有时候，做大人的确很累。。。,2,湖山雨谷
漫山遍野的玫瑰花，可是小王子只爱那一朵。,11,吃🍉的小丸子
抵西之后看完的第一本西语书。,2,Pandora@Random
你为你的玫瑰所花的时间 使你的玫瑰变得更重要了 是同学写给我的,2,李 後 主
童心、初心难得,1,类人猿
其实不觉得这是童话。因为不是给儿童看的。,1,人间有味是清欢
每天，你坐得靠我更近些……,1,妳是葡萄
这真是一个忧伤的故事 我大概也是被玫瑰驯服的小王子吧,1,.捉摸不透姑娘.
虽然是自私的王子。,0,水滴
狐狸今天你愉快吗,2,徐李夫人
2,0,Funky Goblin
01-02左右读过的，不记得玫瑰花了，只记得小王子：）,0,紫书
看的是时代文艺出版社的新版，有作者的手稿分析，很好的版本。,0,Morning
小王子要回612了,0,小尾巴mori
小时候看翡翠台的动画就喜欢上了，长大后读书,0,瑞特
不同的年龄段读起来，感触是不同的。,2,Chemin
我的小狐狸呢？,0,甜菇握紧小手手
記得當初看的譯版叫【星王子】不過它一樣讓我看到了童話的另一種,0,蔓藤!!! on ICE
当你看到天上的星星 星星上的我在对你微笑,0,爱丽丝
我最爱狐狸那一段,0,離奇
"我的玫瑰花,她们还好吧",1,Sophie  Z
我爱狐狸,0,A
"最初觉得一般,后来看很多人追捧,最后觉得狐狸那段话深得我心.",1,懒人老猫
类别：著名的小王子，永远的经典,0,别歌
怎么办，这本书这么红，不收它好像落后于时代。可是私心里并不特别爱这样的童话。我读中大部分都是最推荐的书，这本仅作为在下还不是很老朽的标志立此存照罢。,1,书
“小王子不敢承认，他舍不得离开那个星球，是因为那个幸福的地方每天可以看到一千四百四十次日落。”如果每天可以坐在大海边，看到一千四百四十次日落，该是多么幸福啊！,1,Captain
我一生将读你几遍,2,birds
我早该猜到，在她那可笑的伎俩后面是缱绻柔情啊。花朵是如此的天真无邪！可是，我毕竟是太年轻了，不知该如何去爱她,3,Felven
我愿意做那只狐狸。,1,全都是风
小王子是我从小学到现在依旧在读的书。关于爱。,1,赶鹅
狐狸说，“人不会再有时间去了解任何东西的。他们总是到商 人那里去购买现成的东西。因为世界上还没有购买朋友的商店，所以人也就没有朋友。如果你想要一个朋 友，那就驯服我吧!”,0,败方MVP
其实写得真的挺好的，但是你知道很多人都是一样，他们身体长大了，但是灵魂却一直停留在“小王hai子”的状态，于是才会觉得痛苦。,0,托尼瀑谷神父
因为你把时间投注在ta上面，ta才会显得重要。我大概只是颗蘑菇吧。,0,绿酱みどりん
因为我亲听过她的哀婉和自负。,0,林姑娘的林。
看过就忘记的书，法国式的忧愁。,0,shine tu
你得有一颗坚强而柔软的心。,1,叶子禾
他们被风吹散了。。。,1,goki
狐狸说“现在我把我的秘密告诉你。它很简单：你只能用心去看。重要的东西眼睛是看不见的。” “是你为你的玫瑰浪费的时间，才使你的玫瑰变得这样重要。”,4,空間
居然没标记，五星绝对。,1,lucky和小小花
感觉奇诺之旅的故事就是这么来的～,0,小疼小姐姐
读的周克希的译本。太短了没读够，心里有种难以描述的滋味。打算以后每年都读一遍，等到某天我觉得这本书幼稚了，就是我变成小王子口中的“大人”的时候了，但我希望那天永远不要到来。,1,张伊Red-
重读了一遍又,1,我是一只香蕉
说完拉下了裤链,1,立乐
经典。,1,[已注销]
她是有灵魂的 一朵便胜过其他千万,1,商夏
一个离自己好近却又好远的小王子他现在去了哪里。,0,麋鹿橙
会变成星星，你一抬头就能看见我,1,[已注销]
多年前,0,暖暖
单纯,0,ayi
圣埃克苏佩里 ,0,A君
太傷感 太無奈,0,魚來
๏̯͡๏﴿是個人都說自己是狐狸。我想當玫瑰。,1,占士鯊
你是我的玫瑰  你也是我的小狐狸,0,C8H18
什么都没点明，却又说了很多。,0,Catsoul喵魂
英文版。,0,[已注销]
生命是个枷锁，我们不可避免的重复他人的人生。。好想见到小王子，好想见他爱的那朵花,0,Luffyjun
读的是英文原版，很迷人的故事，也很有深意。,2,tiy_x
永远的小狐狸和麦子。,0,深津奈留
选一颗吧，夜空里每一颗星星，你要哪一颗都行,1,边城不浪
纯净，简单，装装忧伤。,0,￥钱多多多来￥
只能说，我已经不一样了~,0,大魔卐
三语版噱头多了。这本反而轻简。,0,青梧
貌似很出名。,0,今晏
最爱最爱最爱的一本书，感动到不行,0,索君
经典~~,0,C。
能不能给六星啊！！！,0,樱桃之远
我完全不记得什么时候读的了。。且不算是心头爱 ,0,高等游民阿朽
童话的，不童话的,1,龙泉冢
嗯 小王子,0,kokoro
生日礼物，老吴赠书。每次翻开这本书都会想起曾经的点点滴滴。祝福他和亲爱的丽姐永远幸福~谢谢他们在我初到上海只身一人漂泊时给予最强大的关爱和帮助。,0,Veronica
王姓小子,0,狗血青春不在鸟
是这个版本~,0,莲渊
最爱的书了,0,[已注销]
成人童话,0,锐利修蕊
老少咸宜的童话。,0,马自挂
"我喜欢那一园的玫瑰。。
",0,水
想起里昂，第一本小王子是在里昂买的,0,拖着懒步去天堂
“请你驯服我吧”,0,Asuraa
关于思考的，关于我们的书,0,浅草君
地球上各地點燈那一幕如果拍成動畫一定好看,1,Levin Lee
要受多少苦，才能泯灭童心？,2,光年‖影视歌三栖民工
驯养的意义，一语惊醒梦中人啊,0,勤劳的小蜘蛛
年少爱,0,裙子儿
听过。。。  童真？,0,Nobervem
其实我直到现在还不能完全明白其中的寓意，也不懂它为何经典,1,Adonis
"真正重要的东西,是看不见的.....

对这句话感触最深。",0,唐朝妞‖
它讓我前後看了5遍~是悲劇么？其實真的是悲劇！孤獨的小王子，等愛的狐貍~美好而單純的潔凈的愛情~,0,雅艺IFSoso
。。。。这是小时候看的书啦~ 不代表现在个人喜好  推荐给小朋友读 哈哈~~,0,港长
复读时感觉不大准，这故事看的心里慌慌的。,0,刘二苍松
看一次哭一次,0,安徒死
我一直觉得，它没有安徒生写的那么好。,0,[已注销]
每个成年人都不得不看的童话,0,符号
法国 ,0,卷子乐子八子
几年前秋微推荐 的，后来断断续续的看完。。。,0,末末君。
渴望驯服的狐狸。,0,谢小咪
又寂寞又美好．,0,朵拉和朵拉
超经典，不用介绍吧,1,伊西多拉
我有一個小王子,0,Mon
桃花变成了狐狸 迷路的乐队在哭泣 人生本来是场迷,0,chuchu
只有很少的大人记得自己曾经也是个小孩,0,RD
果然是最好的童话么？,0,Johny
其实看不太懂的，这让人很郁闷。,0,Le Salomon
说实话，这很装B,0,AllenGY
记得是大学时，从图书馆借来读的，书已经残破不堪，不仅泛黄，而且书角全都破了。但这真是我那时读过的最好的一本书了。,0,伊豆
简单而美好,0,桃er二二®
我是狐狸，这是我的性格与命运。可是我自豪于我是狐狸。我以狐狸的方式去爱别人，也会有人爱狐狸。,1,yezzi
因为这本书最近想败娇兰的“午夜飞行”,1,37°2
小王子，还会回来么,0,容安
等爱的狐狸。。无比忠贞,0,我昨天叫何宝荣
写给成人的童话,0,小心和小欣
我的小王子，狐狸爱他，他爱玫瑰花。,0,柯柯柯尼
其实我觉得一般.,0,宋阿慕
处理着狐狸与玫瑰的关系,0,稔之
看不明白的话，说明你已经太老了，心太老了,0,顺其自燃
喜欢吧，像命一样。,0,猫儿和老书
touching,0,苏菲
不只是童话,0,浠墨
成人童话,0,賴床不起。
飞机和狐狸,0,Moonface
每个人心里都曾有过一个小王子，我却喜欢那只小狐狸和那条蛇,0,裸踝
柔软美丽的灵魂啊。,0,Mars
Che花好几节课讲这本书，影响我很深很深,0,微笑不语
我饰演了飞行员和爱慕虚荣的人....,0,日记家
看小王子的人会哭么？我会~,0,大能个儿
不好看啊！！！！！！！！！！！！！猛摇头,0,政委让文工团小张今晚去宿舍谈心
看这本书不是时候,0,into_the_forest
太太太期待,0,水果圃
忧郁的小王子阿。念想一天看43次日落。,0,Jayki
"我比较粗条,好象不是很有感觉哎.",0,花痴袭人
金色的麦浪让我想起了你，于是我就爱上了穿行麦浪的风声。。。。。,0,西小苓么么哒
成人童话,0,修
经典 每看一遍都会有新感悟的故事,0,Белка
我的小王子，你在哪里呢？,0,疯子♥妖小孽我真的对你绝望了▓
中英版的不错！,0,已注销
绝爱的小王子，迷离的玫瑰,0,络丝特
我想做一只狐狸,0,[已注销]
梦想的小王子。,0,Chillalee
一本给成人看的童话，我觉得这是世界上最有哲理的一本书！,0,littletwo
不觉得有啥好,0,李香菜
很少字,0,♣lùlu♣
这种调调的童话都应该驱逐出城邦！,0,卢西发
我收集各种语言的小王子～～,0,junepig
2007.6.29 阅,0,bc
蛇吃的太饱就变成了猪,0,腰腰
最成人的童话，一直沉迷。,0,Elizabeth
“星星美，是因为有了一朵看不见的花。沙漠所以美，是因为在某个地方藏了一口水井……”,0,Février
成人世界有那么多不可理喻的事。小王子回去了。,1,夏虫不语冰
永远不让自己忘了being a child的感觉,0,Juillet.🌳
漫步童话人生,0,玉茗
每次看都會哭的書～更適合大人看～,0,kenyaespresso
小王子及它的花真是作天作地一对。。。肉麻呀。。。,0,海马
"其实没多少意思的书,我觉得哈.小哲理?",0,掐出新鲜
以一个最纯洁的角度看看你的世界,0,≌菩提风花
"狐狸等着小王子，她迷失了他
最喜欢的一本书",0,染.world
每个人心中都有一个小王子~,0,老探戈
圣埃克苏佩里,0,结球
适合成人看的童话,0,Miss Lucky
before sunset,0,黄七阳
超爱,0,echohead™
不赞同它能与圣经媲美`不过读的时候很安静~,1,微微
爱人是假，回忆是真。谁说不是呢,1,谢特特特
想买一本放包里随身带着~,0,周 老 爺
“他是个什么？”“是个蘑菇！”——挺有意思的，然而也没有吹得那么神作吧，插图是本体www,1,AppleLimeStd
如果是你..你会选择玫瑰花 还是小狐狸..她得到了爱 却放弃了爱人..,0,moon酱
好美的一切。我喜欢那个国王,1,风胡子
羡慕那朵被驯养的小玫瑰，喜欢那只渴望驯养的狐狸,1,nora
特别棒的一本书～小小的故事最简单的话语提醒我们最简单的事情,1,Cong
我在你看不到的地方。小心翼翼地实践。,0,[已注销]
就是太短了,1,刘小流
你可以送我一朵玫瑰花吗？,1,西祖卡
爱与责任的追寻。,1,李震
微言大义，怎么就被人拿去炖鸡汤了呢……,0,[已注销]
只有当你真的成了一个大人，你才能读懂的童话。谁是你呵护的玫瑰花，你知不知道狐狸的难过,0,风向仪
真的好美！,0,凌小八
每次蛋宝吃奶完，看他心情好，我就给他念这部童话故事书。他静静地听着，也不知道他到底有没有在听，反正我认为他听懂了一点～这部童话书看起来隐喻性好强。很喜欢小王子与狐狸之间的对话，也喜欢和“我”的对话①本质的东西是肉眼看不见的②那些使人变美的东西也是看不见的③因为被眷顾，所以才独一无二。,1,郭琳静Grace
没有逻辑 无限遐想,0,兴趣使然李麻痹
如果你爱上了一朵生长在一颗星星上的花，那么夜间，你看着天空就感到甜蜜愉快，所有的星星上都好像开着花。,0,独孤求虐
每个人心里都装着一个小王子。,0,Gutenberg
这本书适合大人阅读和理解，如果说是写给孩子，他们自己可能不能读懂,0,Adeline
小王子就是这类虽然自己觉得很好看但是觉得别人应该不会打很高分结果他的分数却是很高的类型的书,0,へんたい
皇帝没穿新衣,0,黑樱桃摩卡
:(,0,松松
文艺青年的闲得蛋疼,0,雨中舞者
“你们很美，但你们是空虚的。”小王子仍然在对她们说，“没有人能为你 们去死。当然罗，我的那朵玫瑰花，一个普通的过路人以为她和你们一样。可是， 她单独一朵就比你们全体更重要，因为她是我浇灌的。因为她是我放在花罩中的。 因为她是我用屏风保护起来的。因为她身上的毛虫（除了留下两三只为了变蝴蝶 而外）是我除灭的。因为我倾听过她的怨艾和自诩，甚至有时我聆听着她的沉默。 因为她是我的玫瑰。”,0,野风之笛
嗯，谁能告诉我这本书有什么好看的？推荐指数：3.5星,0,孙大侠
"看完电影看的 写的真棒 适合成人和儿童 为什么你说话像大人一样 如果你驯服了我，我们就互相不可缺少了
对我来说，你就是世界上唯一的了 
我对你来说，也是世界上唯一的了",0,Crystal
我会在沙漠的星星等你，My Little Prince,0,Mr Better Xbon
成为大人OR被蛇咬死，二选一的题目。,1,专程路过
你其实和那千千万万一样，但是你驯服了我，所以你对我来说就是独一无二。。。成长必读吧！,1,应如是
读过，翻了几页读不下去了,1,JenniferJuliet
很好看！孩童的眼光又透着寂寞的感觉！！,0,bay135
看电影前再复习一下。,0,Doomsday
初中时候看的，那时候觉得这孩子有点方脑壳。长大了再看，觉得，这孩子果然是方脑壳。为什么一个童话看着让人这么难过呢,1,阿餮
心疼小狐狸,0,柚子
重拾阅读的感动,0,某@高智商猩猩
亲爱的人，你仿似花樽装满我的忠诚…赶在看电影前看完了原著。,0,随心听
看着星空 会看到自己的那一朵花 然后整个天空都亮了起来 带着这样的一颗心 勇敢的长成一个大人~,1,琨霓
看了电影，再重温一遍，比起年少时看起来体会更多了。“要用心去感受，去看，重要的事物眼睛是看不见的”。更重要，这样的童话书，能让复杂的心绪变得简单，能让疯狂的欲望，得到舒缓，从而变得是个人，不是所谓精英意识社会里的一个数据罢了。,0,WT
每一句话都是有意义的，充满指向性的，看起来充满童趣就像一本给孩子看的故事书，然而每一句话都充满了智慧，对故事起到了决定作用，同时给人以想象空间，不论站在创作角度还是读者角度，它都是杰作。读的时候甚至感觉不到作者的存在，只感到这部作品本身的那个故事以及它要表达的一切。作为创作者，一生想写出这样的作品，而作为读者，一生都希望总能遇到这样的作品。 ,0,王子彩虹
单纯隽永。你们这些成年人真奇怪。,0,牛佬
绵羊究竟有没有吃掉那棵4根刺的玫瑰花？,1,一二先生
“什么是成长，成长就是正视害怕并充分体验害怕，只有穿越害怕的区域才能拓宽自我的边界。爱情亦如是，不可替代的爱情来自理性判断基本面契合之后的风雨共度不离不弃，我们欠缺的不是技巧而是勇气和承担，所以觉得对了就爱吧，仿佛从来没受过伤一样。”,0,どうして?
很好的书，很恶心的一堆书评,0,[已注销]
小王子是一本魔法书，装着你遥远纯真的记忆，一点一滴，我知道我的心依旧没长大，这样真好。,0,Ariel
想遇见 我还要翻越多少山丘 花别谢太快 请你等等我……,0,sycamoretrees
长大以后再读，才渐渐明白。,0,富江
初心丢失的时候要读。,0,nao
隐喻人生的种种，从出生直至死亡，朋友恋人职业等，很孤独很美好。,0,当然
我们应该去做商人、学者，或者国王，也许就不用像小王子那样满怀悲伤了。,0,陆小胖
以后应该不会再和《快乐王子》弄混了。,0,路西法尔
再一次读小王子，心疼得肝都颤~,1,兔牙姑娘
先看牧羊少年，再看的小王子，都是很多隐喻需要decode，这类小说还真有意思。,0,贫民窟主-土
花了生日那晚去dt吃饭在公车上的时间看了完了 以后会给小孩子用法语读的,0,大家的煤宝
每一次重新读都有新感受,0,花慢
特别不喜欢小王子，矫情！,1,乾达婆抚琴
纯洁的心灵,0,Flora
out of my mind,1,夏目淑池
N年后重看，现在每个字都看懂了。。。,0,槿生
http://www.newyorker.com/online/blogs/books/2014/04/the-strange-triumph-of-the-little-prince.html?utm_source=tny&utm_campaign=generalsocial&utm_medium=facebook&mbid=social_facebook,0,[已注销]
初中時讀的，看到朋友最近在看，又想拿出來翻翻了，肯定感覺不同。,0,燕子
名著。,0,噗兄
请将我温柔豢养。,1,长袜子卷卷。
虽然知道书的寓意，但是对此书无法有共鸣。,0,男囡法师
向小孩子致敬,0,VVVVVivian
时刻像拔除猴面包树苗一样，拔除自己体内单向度思维的侵蚀；时刻像浇灌花一样浇灌看不见的可能性。,1,Brasidas
十分的纯真可爱❤,0,S酱木有弃疗
第二次看了，飞行员真棒,0,知暖
第三遍了 每次收获都不同,0,夕
太忧桑了。。。。,0,黑眼圈儿翻白眼
有个薰嗣版的小王子，赞到没朋友。,0,目
@darkwei0210 快说我是你的玫瑰花,0,不学习的皮卡丘
美好的东西都是因为有你的牵挂。,1,☀ 我是花花
站着，把童话给读了。,0,宇小敏
真的好便宜~全彩,0,彬大喵~
被doctor虐待得不轻，旅行途中随便拿本童话读。。。TMD又是个孤独的旅行的外星人和rose的悲伤故事，这是要虐死啊！！,1,茜
最后小王子走了。,0,Mr.Tape
我的童心哟！真得觉得很荒谬啊……,0,石英
最后部分没有看完,0,幼鹿莫妮卡
只有用心灵，才能看得清楚；本质的东西，眼睛是看不见的。,0,Ling
狐狸说：“对我而言，你只不过是个小男骇，就像其他千万个小男孩一样。我不需要你，你也同样用不着我。对你来说。我也只不过是只狐狸，就跟其他千万只狐狸一样。然而，如果你驯养我。我们将会彼此需要，对我而言，你将是宇宙唯一的了，我对你来说，也是世界上唯一的了。 ————《小王子》 ,0,liz
当年读得不明就里==,0,DromoBabel
狐狸教会了小王子什么是爱，却没有得到小王子这个爱人，小王子想回去找那只任性的，带刺的他最初的那朵玫瑰，却回不去了。,0,冰茶
01年的秋天。学校里来了推着板车的盗版书。听闻小王子的大名，买回去一本。翻翻，发觉没什么意思。随着搬迁，物件渐渐都丢掉了。买过，就当自己读过了。我一向如此。去年牵心爱之人的手同去图书大厦，又看到了你。  你知道不知道，我已经卸下了虚伪的面具，没读过就是没读过，把你领回家。…… 这些年，我变了多少？呵呵。重新回到了地面上，我很踏实。  中间几次翻过，都没有太看懂。原来擦亮眼睛的，是岁月。             我就是那只狐狸，不论你在哪里，闭上眼，就看见金色温暖的麦田，闻到你的气息。,1,[已注销]
之前听的有声书，最近把书看了一遍，感动依旧！,1,SinYi31
一半是在沙发上念的，一半是在广州的公交上拿pad看的。一颗善良真诚的心，这是有多珍贵。,0,panpansusan
太文艺范儿了……看得好困，欣赏不能。,0,李弱水
我被感动到哭，真的是国外读过的最好的爱情小说，读巴黎圣母院都没有这么感动过,0,[已注销]
读的太快，其实不明白在说什么。20140622下午吃完吉野家就地读了第二遍小王子，一个小时就读完了，是关于真爱，真心的。,0,[已注销]
特别喜欢小王子。寂寞星球的玫瑰。,0,伊丽莎白菇。
大人们是多么无趣！ ,0,Is Ying
今天在不是书店看完了，不是这个版本 ,0,大琛
真心没懂。。,0,冬雷震雨与君绝
睡前故事么么嗒…总觉得小王子被蛇害死了…55555…话说再读一遍蓦然发现最后一段地表达是四娘学过的诶！,0,木由
I have a rose to love.,0,沈是
美好纯粹 我找到了我的小王子,0,Qi城城
纯粹。,0,杜秋筠
实质性的东西，用眼睛是看不到的,0,春花
"看的是李继宏翻译的，在故事的前面还有导读，很不错。
用心看世界。",0,海盗小年糕♥
喜欢“驯养”的译法，而不是周克希版本的“处熟”,0,游丝
我现在已经到了，会羡慕但是却不能理解的 无可救药的地步了，也许,0,ALIIIIIICE
肉丝的魅力,0,周小垂
初二？,0,旅舟
长大后，我们就成了那些住习惯了魔术师帽子里层的兔子，失去了童真与趣味。。。好悲哀。。。,0,天残哭麻衣
我偏不给五星，通篇都是爱的教育,0,阿钢同学
读了中文和英文版 正在努力读法文版,0,Summer
其实我不知道自己看过几遍，就是买了无数本都送人了。喜欢开篇就有的那只吞大象的蛇。想做小王子的玫瑰花。。。,0,1943。
小孩纸要对大人宽容！！！,0,[已注销]
很棒的绘本，想象力满分,0,风情绝代怪阿姨
最爱的书,0,上上上上上好佳
狐狸今天你愉快吗,0,ソ ー ダ。
长大对于我们来说到底丢失了什么得到了什么？,0,蒋大蛋
译本有点蹩脚，但是不失真意。每一个大人都是孩子，却没人记得一直做小孩。,0,cincky
我看的好难过。,0,蓝小花
很显然，这本书得到的赞誉有些过头了。,0,YoungKingdom
初中读的。,0,Weixi
还是读的汉日对照版 读的我想掀桌。真的没读懂 但是里面的某些句子我很喜欢,0,盈曄
曾经太过年轻。,0,鼩鼱三明治
 只有用心灵才能看得清事物本质，真正重要的东西是肉眼无法看见的,0,蘑菇想了想然后
这货就是治愈啊,0,超级淡定Sophia
记得要对狐狸负责，花负责，自己负责,0,六月
没看懂 怎么会事,1,澐趐
"读起来都小心翼翼,生怕惊扰了这一份真.",0,Fan
玫瑰和狐狸也并不矛盾,0,小眉毛
刚刚又翻了一遍的小王子，我想之前没有意识到它的美，是因为我还不具备那样的心灵啊。想象力也太差了。。。,0,滚滚
"如果你对着一颗星星微笑。。寂寞的人，就去寻找612星球吧 
",0,小螂君不会飞
第一次是高中，什么都没读懂；现在大三12年5月24日，和小泽左树吃完饭，因为没听懂他们的谈话，我突然想看了，结果······长大了，忽然看得似懂非懂，该说什么呢？还在听陈奕迅的《不要说话》，那就不说了。,0,海喜喜
那时候我还不懂 懂了就晚了,0,[已注销]
在某个游乐园看得5D小王子动画片更加好看,0,艾森
“他只是一个认真的人，他其他什么也不会做” 看哭了给 插图很抽象,0,乃信
读一万遍都不会厌倦。故事之外的你驾驶飞机飞上湛蓝的天空，就此再也没有回来。,0,旺仔小馒头
驯养我吧。,0,鹿之
给大人看的童话书。,0,菜
高中的时候看的，为毛觉得这书我看不懂。,0,kumamon小新新
你们人类真奇怪,0,catapuella
重读小王子。所有大人，曾经都是孩子。,0,何潘夏
无感,1,鱼眠
呵护心底的那朵花开,0,[已注销]
风雨过后 我依然是那只等爱等驯服敢爱敢驯服的狐狸,0,长獠牙的考拉
无数次在作文里引用到的故事，现在觉得是应试作文亵渎了它。了解爱一个人的感觉，好像就是从那时候开始的吧。,0,逆旅
我其实不太喜欢这个，没太明白这个东西德寓意。,1,[已注销]
由于麦子的颜色，我还是得到了好处。,0,领衔主笑
值得读很多遍、睡不着觉的时候大马会给读其中玫瑰花和小狐狸的段落哄入眠、适合成人读的童话、唯一为它哭过的童话、,0,S星星陈
一定是我看不懂。。。一定是我看不懂。。。,1,洛克人
你是我心上的玫瑰。,0,抹茶大福君
在我人生中对我影响最大的一本书。。。,0,桔子
大二时我没读懂，现在我读懂了。在理性里站了就了，其实更不像一个人~~,0,费蜀黍
如果遇到这样的小王子，我只想好好保护他心疼他的说。,0,[已注销]
小小的故事，大大的道理。,0,李小山
金黄色的麦子会让我想起你，我也会喜欢听风在麦穗间吹拂的声音。,0,小心麦兜
高中买的一本书，直到工作了才看。,0,［已注销］
充满哲学的童话。即可儿童读，也可成年人赏析。,0,丶
我一直体会不出来,1,Blätterli
我真的，看不懂啊,0,墨||待到醉時說
如果单是爱情，那它可能是世界上一部最忧伤的童话。但他是纯真的生活;-) 为爱加满分的生活。,0,MeLibrary罗奇
重读，感觉又不一样了。,0,Kamyu反射弧长
因为心有挂念，所以整个世界都不一样了。,0,6g
每个大人都曾经是小孩子，虽然，只有少数人记得。,0,颜小颜
从来没想过童话可以如此深入内心，读着读着就泪流满面。。,0,药片
看不懂,0,想蠢时我犹豫了
偶然的机会在卓越发现有这个版本，果断买回家。,0,ʕ·͡ˑ·ཻʔ
其实没启发着我什么，大概也是因为原本的那些我还没来得急失去，为什么被这么多人喜爱我没能理解，画的也不好看，小王子很丑，原来没得单色版本实在看不下去，以为是没有色彩才没激发出我的阅读兴趣，为此又买了本彩图版的，不仅有彩图，还是中，英，法三文的，其实对我来说只有三分之一有用。,0,瑞思勒之墓
狐狸说。“对我来说，你还只是一个小男孩，就像其他成千上万个小男孩一样没有什么两样。我不需要你。你也不需要我。对你来说，我只是一只狐 狸，和其他成千上万的狐狸没有什么不同。但是，如果你驯养了我，我们就会互相需要了。 对我来说，你就是世界上独一无二的了；我对你来说，也是世界上独一无二的了。” ,0,山茶I鵺
每次读都会感动的眼角带着咸咸的液体，是因为他的那朵玫瑰，亦或是因为那个被他驯养的狐狸呢。,0,鹦鹉钟
男人心中的那个孩子还在苟延残喘，女人心中的那个孩子早已消亡。,0,Iris™
我一向不喜歡法國人盛產的東西，可能是翻譯的過吧，看著中文版本有種怪怪的感覺，雖然從書中總能找到自己的影子。感覺自己好像那支虛榮的玫瑰花，為了面子傷害小王子。你是這世界唯一的人，霸佔了我所有表情，我被你馴化，你也被我馴化，雖然我們分別了，各自相忘于江湖，但是我知道我們的曾經不會被時間改變。因為我知道，你在看星星的時候，一定會看到我，在屬於我們的小星球。,0,甜m i l k 。
"要驯服一个人 就要冒着掉眼泪的危险。
",1,July
孤独的小王子，我想，作者在飞行时，隔着玻璃静静地看着眼前战火纷纷的大地，也很孤独吧。。。,0,MEME
"大人准定非常古怪万分奇特。嘿，当你 觉得你还是个孩子的时候，其实你已经不知不觉
变成了古怪又万分奇特的大人，只是你不曾觉
得，就如同当你意识到自己已是大人时，却忘记
了你也是从小孩长大的。",0,萌萌哒的么么哒
蟒蛇的肚子里有一只大象。,0,孔雀的黑翅膀
小孩的心大人不理解,0,凉水
from x3,0,idealhack
前一半是听下载的有声读物，后一半才看文章。其实是很短的一篇童话。印象深的倒是那些个于睡前在耳机里连续听几章节的安谧的凌晨。,0,分裂乔
可以读一辈子,0,Anaesthesia🍑
小孩跟大人，某种程度上是两个物种,0,澄雀
正是因为你为你的玫瑰付出了这么多时间，它才变得如此重要。恋爱的人必看。,0,Henrietta
意犹未尽,0,弥次郎
记得初一看的时候很是清亮的感觉,0,南乌
实在没感觉,1,阿辣布猫
本质的东西，用眼睛是看不见的，只有用心。,0,塞纳
大一時有人很喜歡這本書 一部值得抽一小段時間看看的微型童話,0,顾理
听过……嘻~,0,爱森纳赫小镇
有人愿意每晚在睡前给我念小王子，我就嫁他,0,王富贵爱赵大宝
丢了 丢了 竟然丢了！！,0,[已注销]
珍藏的书。喜欢听它的音频版本，伴我度过很多孤独的深夜。,0,Ann
珍惜那份童真,0,有一道彩虹
我平生最痛恨的就是故作天真，我很认真的说,0,馬鹿野郎
长大了才读，献给小时候的自己。,0,桑尼
很多时候童话没有我们本来以为的那么幼稚 ,0,毕合叶
小时候每周看那么多书  可是因为是《小王子》不是《小公主》而没去翻过它,1,脑菇
小孩子来啦,0,Caligari
“你明白，路很远。我不能带着这付身躯走。它太重了。” ,0,一醉累月酒星魄
文艺青年必读书目,0,mer
要做小狐狸还是玫瑰,0,波伏娃娃鱼
又看一遍，感触更深,0,等待戈多
2012-3-10,0,琪女子 ོ
再不敢读，他总是偷袭内心，让人恐慌。而我又那么眼浅。,0,川川
喜欢小王子，喜欢狐狸，喜欢玫瑰，绝对是值得一读再读的书，因为你的每个人生阶段应该都会从中获得其他领悟。,0,女宛心兑
镜花水月版的感动……,0,莹小慢
无论我多想是个玫瑰 却还是做这狐狸做的事 所以我只能是那只狐狸,0,PG ONE的女朋友
其實小王子和玫瑰花都沒有小狐狸來得真誠。小狐狸既天真又勇敢，是真正的稚童。,2,熊類絨球弾
我想说 这样的书 可以长久读  隔一年读一次 可以年年读,0,粘人的小鸟
矫情。,1,dow
卓越送的,0,Gingerbreadx
你是玫瑰?你是狐狸?,0,Μìиasha
玫瑰花,0,K酱要活在当下
反正我是没看懂，可能看一遍不够吧,0,牛肉丸子酱
我似懂非懂。,0,西宇
你下午四点钟来， 那么从三点钟起，我就开始感到幸福。时间越临近，我就越感到幸福。到了四点 钟的时候，我就会坐立不安；我就会发现幸福的代价。但是，如果你随便什么时 候来，我就不知道在什么时候该准备好我的心情……,0,恒源祥-暘暘暘
這書我也是讀過的。,0,嘿齋
越单纯越幸福。,0,纯麻瓜Alice
 小时候才不知道小时候的那么好呢,0,NRain
给每个成年人的美丽童话,0,水蓝咖啡
写给大人看的童话，小王子的话是那么柔，那么轻，又那么让我铭记，我放在心头，放在怀里，心碎泪流。,0,克莱德思构坡
不知道看了多少遍,0,晓风残月
让人对生命的意义。死亡。友情。离别等等都有更多的认识。,0,[已注销]
很想要回多年前送出的那一本。作为爱情最初的开始。我如何称呼你。,0,山田心子
大二看，相见恨晚,0,撑小兵
一本不敢乱评的小书。无论男女老幼，都适合读这本非专业作家的小书，应该都能从中对生活的哲学有所感悟。,0,ming
太可爱了,0,炎樱
如果你使我驯顺了，我的生活就会充满阳光，欢快起来。我将会听出一种与众不同的脚步声。…….你有着一头金发，于是，一旦你使我驯顺了，这将变得妙不可言！金色的小麦将使我回想起你来。于是我就会爱上穿行麦浪的风声……,0,四喜
在书店站着读完的,0,五雲門下牛馬走
又重新看一遍 又很多重新的感觉,0,王与璀璨
充满哲学的童话。即可儿童读，也可成年人赏析。,0,[已注销]
我不得不还是同意小时候的我的想法 这是一个大噱头,0,摇曳萧萧下
"被驯服是不幸的也是幸福的
我们都简单的生活那多好",0,本本
"我不是大人 我也不是孩子 我还没能读懂它
",0,狄尼司
It is the time you have wasted for your rose that makes your rose so important.,0,压卷
每个时期读它都有不同的寓意，心里冒出很强的保护欲,0,Z
没看太懂。,0,严成旺
送给龙仔的10岁生日礼物。,0,木子丹3.0
没有花,0,coraje
原谅我现在才读懂它。,0,Enigma.
那年夏天的梦,0,子默
我读的是周克希翻译的上海译文出版社出版的，一样的吸引人心，一样的让人难忘。,0,small脉望
我的最爱！,0,Joanne好可口
空难,0,空空和气气
读一次难过一次，我慢慢就成了一个“大人”，非常惭愧,0,無恥少女成熟時
亲爱的小王子 我知道 你就在这里。,0,ohverdue
内容太棒，必须时不时重温一下,0,扶世·翙
地球上一天只能看一次日落，可是，有时候，我一天需要看24X60X60次。所以，我不喜欢地球，我喜欢那颗像绿松石的水星球。那里，如果高兴，可以和睡莲交谈，太阳驾着他的金马车，月亮驾着她的银马车，走上一万个来回，我们还没有把话题谈完。。。。,0,[已注销]
"我悲伤的时候就看日落。
有一天我看了44次日落。",0,madmozart
对我来说，你还只是一个小男孩，就像其他千万个小男孩一样。我不需要你。你也同样用不着我。对你来说，我也不过是一只狐狸，和其他千万只狐狸一样。但是，如果你驯服了我，我们就互相不可缺少了。对我来说，你就是世界上唯一的了；我对你来说，也是世界上唯一的了。,0,猫的天使
什么时候我们已经浮躁得连指尖的键盘都跟不上思绪了！,0,沉默的鸵鸟
个人更喜欢《海鸥乔纳森》,0,远慕
爱，他们都不懂,0,Miss Lo
"读了一遍多，还是没什么感觉
大概我需要更用心地投入",0,KFC miamiamia
小王子，你找到了自己的爱么？,0,浅   川
人类的确是缺失了很多东西,0,石镝文@Steven
大人的童话，在某个虚无缥缈的地方，绵羊把玫瑰花吃了还是没吃？,0,守望者Z
可读。,0,亲爱的
五年级在《儿童文学 》上读到的 只记得小玫瑰 星球 狐狸 飞行员,0,。
那朵小玫瑰,0,Keren
小王子，如此纯洁、清净的心灵，如果你每天都能读一遍这本书，你的心灵也许将逐渐远离那些成人的烦恼。“真正的美东西是无法用眼睛看见的”。小王子中每个简单的字讲述都都是我们很多人缺失的东西。她或者他只是芸芸众生的一颗沙粒，他或者她只有被驯养过，就变成了那唯一美丽的钻石了。,0,kindsos
太深奥,0,米粉
每人心中都有这样的梦,0,苏颜
世界的童话。,0,ＣＨＲＲＲＲＹ
珍惜,0,花都满
翻开的是b216。不是所谓思索。,0,敏啊敏啊敏
其实我一直没懂,0,M
"除小王子外最喜欢那只狐狸，她冷静地道出那些真理或事实。
一直没看明白的是最后小王子与蛇的对话。",0,Oliver
我有一个小王子 可惜 我不是玫瑰,0,suniuz
他像一棵树那样倒了下去,0,C
太喜欢了~,0,乐7
可爱单纯的小王子～“夜里，当你凝望天空，因为我住在其中的一颗星星上，因为我在其中的一颗星星上笑，这对你来说就好像所有的星星都在笑。你呢，将拥有会笑的星星。”,0,keroro
很安静。,0,Vela
用孩童的单纯去反衬世界的复杂。希望小王子能永远伴着他的玫瑰花。,0,慢枪手L
最近又听了一遍，发现里面还有很多内容是无法领悟的~,0,晨曦清风
 如果你也爱上了一朵某个星球上的玫瑰花。。。,0,海的女人
玫瑰or狐狸？,0,Nan.C
谢ZZ姐惠赠。,0,清允
已经形成跟风的趋势了呢……究竟有多少人在读过这本书后改变了自己呢,0,keppel
这个版本送给某人了,0,asdfghjwerymty
"由于麦子颜色的缘故，我还是得到了好处……
重读一遍，又有新的感动。所有让人们感觉温暖的故事：关于爱，关于爱，关于爱。",0,川貝
可惜我们那时候太年轻 还不懂得爱,0,旧约全书
成年人的童话故事。,0,    一头鹿
我世俗了，我不能理解小王子的思维，好讨厌一小孩！！,0,糖分王
玫瑰 狐狸 飞行员 小王子 B612,0,鸭鸭酱
最最纯美的部分.,0,迷恋人间
狐狸说，要是你驯养了我，我的生活就变得充满了阳光。。。,0,特別兇殘王小鬧
五星。绝对。,0,灵落
笑笑比我先懂得……,0,李阿宋
拥有好几个版本,0,小英子
美丽的小星球,0,柴也愚
不仅仅是童话，书里关于爱情的论述尤其让我触动,0,Machiavellicn
童心,0,猛
它为啥排第一？,0,打脱手
最美,0,Phoebus
是我浪费在你身上的时间，让你变得如此美丽,0,沉默不語暉小暉
很早就看完 第一次读难免心浮气躁所以总归有些失望 后来隔了些时日再翻阅居然有不同的感受 一本书就这样看了好多遍 很多人都纠结于玫瑰和狐狸 也许在未看之前知道太多 我反倒没太大感觉 只是结尾部分 无论看几遍都难过的要死 心里堵得慌,0,某J。624
"这是爱与责任
只要用心就能看得清事物本质，真正重要的东西是肉眼无法看见的 
",0,哈里路亚
爱情的最终模样,0,[已注销]
实质性的东西 用眼睛是看不见的,0,遇断
我的玫瑰花，我的猴面包树，我的小王子。,0,鹤喔!
我没有那么大的触动，只是一般的感觉吧。或许某天静下心，会有不一样的感觉吧。,0,哟波
哦哦。我的小王子。,0,子禾酱
谁来训化我。。。。。。我去驯化谁。。。,0,工藤 遥
"驯服朋友。
呼唤泯灭已久的童心。",0,非想_爱心觉罗
"明显老了……
",0,シ__水_色_。ゾ
淡淡的语句，那些好玩的星球。那些爱，为他痛哭流泪。。,0,迪巴拉
小王子~~,0,开开
全書完。,0,仡♪仡
裡面哪一個都不是我。,0,半點
唤醒感性改变对世界和人生的看法。值得一读再读。,0,天地心任徜徉@做无知的有识之士
纯真,0,格瓦拉
"大爱。
还是马振聘的译本最好。",0,feeling
这是唯一一部写给成人和孩子的童话。,0,散落。
不桑心不桑心,0,M.差
晦涩隐喻的集子,0,嘉恒
毫无共鸣，小时候不看童话的错,0,Parachute.cpp
献给我的成长,0,金角角
伤感的童话~~,0,括括
一起成长的书。。每次看都比上一次更懂一些。。,0,蘇恰恰
我想像小王子一样，每天看44次的日落。,0,蛀牙
有传说中的那么好吗...,0,physixfan
第一次看《小王子》的时候大概六七岁，在一本儿童杂志上看的连载。当时的译名是《星星王子》。看完之后很悲伤，记得那天一直望着窗外。但是没有和大人说原因，觉得说了他们也不一定明白。,0,浅洚
我觉得，任何一只小狐狸，都不会爱这本书。,0,费老师菲
和小王子一起,0,NICO
我好爱好爱这本书~~小王子和狐狸以及最后告别的那一段都是我最喜欢的~,0,ICE CHAN
在这种书面前，我是俗人，理解不了。另外童话不应该这么忧伤吧,0,eyejava
大人的世界真是无趣呢---模仿日本子。。,0,Alkis_Tangelis
孩子的心,0,牙牙
童话故事,0,艾格妮丝
小王子性格很像我,0,晚安迷迭
如果是我。那幅画我会猜是什么呢,0,浅浅猪
这本我也有。,0,elvuelo
翻譯得還Ok,0,二少
找回失落,0,夜川直心
留下您对这本书的简短评论吧,0,HH
“《小王子》（1943）等作品。1944年返回同盟国地中海空军部队。在当年7月31日的一次飞行任务中，他驾驶飞机飞上湛蓝的天空，就此再也没有回来。”,0,一絲不掛
"狐狸和玫瑰, 你選誰?",0,亂室佳人
我能不能悲伤地坐在你旁边。,0,可达君
长这么大才第一次看小王子，却能深深地喜欢上，真的很美好。,0,世界的背面
写给成人的童话故事,0,雪茉莉
沙漠美丽，因为沙漠的某处隐藏着一口井,0,水白色
 绝对经典,0,大眼狗
麦田的颜色 和 玫瑰的逞强。,0,牧羊少年奇幻旅
|18751:9504|,0,五星集中营
"因为你头发的颜色喜欢上麦田的金黄~
狐狸太可爱了",0,麥田裡的狐狸
小狐狸啊小狐狸,0,Sphinx
我以前是没看懂这本书的 直到蔡康永在《痛快日记》里做了解说！我开始理解里面小王子和狐狸的爱意~~,0,[已注销]
是男人都该读一下，一本男人的成长史—哲学童话。非常感人，也非常通透~,0,MISS-MIღ
玫瑰花，狐狸，月光，一切美好的事物，爱与被爱,0,Lady Irene
这个版本不是特别好,0,素冠
另一个版本,0,庭榛
他说的道理我都懂，我也在这么做着，只是不知道还能坚持多久。。。ToT 我的小王子，在哪呢？？,0,[已注销]
如果将来我要写书，就要写这样的书。如果我见不到小王子，不写也罢，毕竟成人的世界值得写的东西不多。,0,安妮霍尔 
看的是中英文雙語的，最近有衝動想把英文版的背下來。。,0,Marguerite
只是 忘记了,0,楚元
想要一隻小狐狸!,0,ショウコリン
童年的美丽，那是最简单的神话~,0,峻岭
感动于那只小狐狸。,0,熊小团
很有名的书，很多年前就知道一直未读，大约要追述到初中或高中了，大学时在读书馆借到双语版，抱着学英语的态度读了一半就舍弃了。后来因为工作需要认真读完，很感慨。而且想来我和它的缘分，真是兜兜转转然后相见恨晚，有意思。,0,行娜
它的意义不在于它本身而是可以无限延伸,2,阿猴HOSEA
我想当那朵玫瑰·~~~！,0,阿汤___
给大人看的童话。,0,Aether
驯服。。。很震撼啊,0,安衍
寓言艺术。别误解，不是寓言的艺术。,0,夜兮行兮
真想看看法语版,0,[已注销]
再次看时已是泪流不止...,0,neeeeeverland
"http://www.xiaowangzi.org
买了一本送给squirrel作为生日礼物。",0,A。
寻找失去的幻想,0,VIC
言简意赅~,0,风独
圣经级别,0,短发
赠我一份天真,0,Cke
最美的梦,0,旋转长颈鹿
能看到落泪的童话故事,0,Mandra
热爱那个男人,0,附庸风雅的豹豹
我用一个晚上看完了它，却希望用一辈子去看透它！因为“实质性的东西，用眼睛是看不见的。”,0,LINCO引力场
童心。,0,藤原次郎
"我的小王子,狐狸和花,我做哪个?",0,自由素颜糖
他要回去找那朵天下独一无二的，被他驯养的玫瑰花。但是，一切都太晚了。就连童话也不能阻止悲伤。所以，别太把这当回事。,0,小顏
小学时代.如今被背负上太多含义反而让我有点烦.其实我最喜欢的是关于蛇吞象和帽子的那一段.,0,邃。
读了很多遍 还是很喜欢,0,一粒总丢东忘西
没办法不爱 怎么能不爱,0,廖七娘
没想象中的好看嘛,0,nonomaru
亲爱的，如果花太大就让他挤爆星球，我们不会去了,0,小葵
我想我是那只等爱的狐狸。,0,南陆
"嚎啕大哭着,说,你驯养我吧",0,派大星
"在线阅读，可惜没有图...
http://www.artsdome.com/books/xwz/index.html

http://www.fairydream.net/html/littleprince/",0,喵仔
大人们的童话!!,0,左堂堂
我想打三星的……因为这种童话对我真是没用,0,Deutschland(V)
"金黄的麦子和四根刺的玫瑰花,,, 还有驯服",0,郭发财
小王子，你的玫瑰呼唤你,0,大月亮
因为经典因为小王子,0,井行
"我想把法文版的念下来,然后录成带子,保存",0,Lucciola 2.7
写给成人的童话．小王子深深的忧伤．,0,小芥末
很感动人的一本书,0,民工先生
看完很淡漠,0,老墨
忽然有一天，就觉得这本书好看了,0,迦陵与频伽
每个人心中都有一个小王子吧 也会经常地把自己当作是 小王子吧。我会，你呢？,0,summer___
看了2遍才看懂，然后就喜欢上了,0,陈小瑶
经典。,0,某歆是个好姑娘
听的朗读版，还不错,0,小心
每次向他人描述，都会忍不住眼泪的作品。,0,清音
给所有人写的童话,0,Cyder
我有很多本,0,于瀛
只为小狐狸,0,augest
身體太重···,0,八月夏鱼
读了两次才喜欢的,0,深海采珠人
小王子。。。,0,☮ 凝.白..ゅ
小王子對著玻璃罩裡嬌弱美麗玫瑰說 天上有屬不清的星星 而這個星星因為有妳 所以在宇宙裡獨一無二 ,0,双鱼小姐：s
难过的时候..记得..看日落..,0,白 泽
你会珍惜那朵不是唯一的唯一玫瑰吗？,0,悟空小姐
我是那只小狐狸却不是被记得的玫瑰。,0,一二，
每个人心中都有一个小王子。,0,盛夏光年
很经典么 未看出来...,0,mini 糖豆。
喜欢看这本书的话，我还介绍大家去看看韩国最新的电影《小王子》,0,陈小半~加油
爱的童话,0,瞬时冰火
富有很多哲理,0,凯西的早晨
我唯一喜歡的童書,0,陳
想说的都有人说了,0,隔隔blue
"
最经典的童话。万年不朽。",0,春风不相识。
童心未眠,0,★HALA
如此简单的过，如此简单的想。,0,In K
小小的梦想,0,没头脑和不高兴
哀伤。,0,猼訑
最美的梦境 ,0,洛
仔细读,0,抽抽
太有名，太经典,0,奶茶店诗人阿尼
每次送朋友礼物都要送这本书,0,elf
夜空中有五亿只小铃铛,0,P.Cissi 殿下
"我还读过大王子呢，真的。
现在还在家里，可是搜不到。",0,Campnut
我现在不适合读童话。废了，看不进。,0,时间的玫瑰1987
孩子读不懂的童话。,0,松子煮茶
让人感动的，不是小王子的执着，而是小狐狸的放手。,0,小马很驴
名气在外,0,思无邪ღs
小王子，不会长大的善良孩子。,0,Ferdinand
愣是没看懂作者想表达的。。。囧rz,0,存在感
"太短了,- -瞬间看完了- -...汗..",0,|乐子|我拒绝
嘿 小王子 天堂幾點了 ...,0,0。煙小花
永远不会褪色的童话故事,0,Dr.Melon
究竟谁是我的小王子？我不想做等爱的狐狸了,0,徐刀刀
可以一遍一遍地读，因为每一次都有新感悟,0,Harper
我还没弄清楚,0,龍貓君
一直看一直看,0,wise🐾喵悠哉
为了PJ看的，嘿嘿,0,花簪
再次被感动了：星星是很美的，因为上面有一朵花。。。。,0,Xenophon
小王子 ,0,cc
不知为什么这么多人给这么大的评价，我也就觉得一般...,0,【长啸不止】
王子和狐狸的故事，惆悵的依戀,0,酷总叫我去捡屎
其实我没看过这个版本。但我懒得去找我买的另一个译得奇差的版本了。这一版在豆瓣上评论的人最多。,0,乡愁
圣埃克苏佩里,0,隐身天天吃鸡扒饭
每个人都是自己的一个小王子,0,takeymoon
learn from him,0,Chloe仔
小狐狸和玫瑰花,0,风向未来吹去
挚爱,0,妙歌
种在星星上的花朵，王子和小狐狸,0,N多松鼠
"你是来自另外一个世界的人吗
为何你只用眼睛来说话
柔弱得像初生的绵羊一样
期望的只是一双温柔可以倚靠的肩膀
这样的事我无法去对别人说
说你拒绝我给你所有的一切
却只因为看见海洋
就兴奋的想对海神祭酒
并且高声叫说“海神请你赶快要出来”",0,萨萨
很轻巧的一本，但还是没读完,0,Oer
不会放手的童话书。,0,喂，有人在吗？
再再再再再再再次读,0,此账号已注销呀
很喜欢这个名字：小王子。,0,莫念
骄傲地说我有两个版本，这个带英文,0,嘉沐難再續.K
完全凄美的故事，每隔一段时间再去读，更有新领悟,0,依旧西兰花
因为是小王子啊,0,万俟祺
"因为康永去看的一本书,但是就是无法喜欢这个故事",0,刘婧恒
玫瑰和狐狸 .,0,能嘛
小王子是天使,0,Silknoose
忧伤的童话,0,JoyceX
有些时候，真的差点哭出来~,0,尘
有车有房算什么？你有星球啊！,0,小艾扣°
太喜欢了,0,Jany
我们要走过多少星球才会长大？,0,第78号哪吒
纯美,0,Veronica.C
蕴含了一些普遍的真理,0,墨墨
要看许多遍，小王子也是忧伤的吧。,0,莜麦
我真的不理解为什么人们说它很童心 我想不是我80末的年龄太老了 就是这本书其实是假童话真成人,0,灰零
不可以忘记,0,陶陶
很悲哀的故事，玫瑰花和小狐狸。,0,bunny
长大了才能看懂,0,Vv素素
成长时光里，小王子像培植花朵一般，灌溉我们的绝望。,0,艾格妮捡风景
被过分高估的一本书。,0,大角星旅行者
小王子,0,思捷
A matter of consequence~~~里面的名句~~,0,JoyceYang
我会在我的星球守护一朵属于我的花,0,泰迪粥
没人看完都不同吧，呵。 ,0,绵绵喵
天真地矫着情，这就是资本主义的童话,0,寒风中的桔子
在大学时代曾经名噪一时的童话，忘了什么原因突然以话剧等等形式出现在生活里。所有爱和失爱的人都热衷于将自己代入成为其中某一个符号。如今我已经麻木了，不再相信自己是某个童话中的一个符号，别人也不是。,0,艺术家一礼拜了
"唯一一本全部看英文的书
当然也看插画",0,小何才露新一角
经典中的经典。爱死了~`,0,一个好人
人们拼命挤进快速火车，却不知道自己在寻找些什么。于是他们变得忧虑、烦躁、在原地打转。......,0,Tuberose野
我的小王子在那里？,0,沉默
喜欢纯粹的男孩 小王子是世界上最单纯的孩子,0,浅夏
虽然看过，但是在看的时候竟无聊的睡着了（别打我）嘿嘿，不是故意的，是因为前一天坐火车没休息好，加之本人很是不喜欢看小说，特别是有一点点某些性质的，但是很多人喜欢看，应该还是有些吸引人的吧，所以我会找机会把它看完的！,0,月老赐
不喜。,0,您忠实的雷亿万
小王子 永远勇敢前行,0,乱
懂得安静,0,綦
经典的温柔感动,0,日烟火
对于《小王子》，我们有一千种解释。也许，圣埃克-苏佩里的想法其实很简单。,0,一衍 ™
也是看的中英对照本,0,桃金娘软绵绵地
我的最爱，改变了我的人生观,0,杨珂欣
图书馆 A301 C301,0,Epile
永远的小王子 永不长大的心 圣埃克苏佩里 ,0,六月。喵
好书,0,乐小样
童年.依然不远,0,目莲
有些故事，永远也不会老。。。,0,牙3牙
这么多人来翻译这么一本小书，，读的第一本好像是龙婧翻译的，还是喜欢那个。,0,slurry·楚迪连
"王子驯养了小狐狸，却离开了小狐狸。
什么时候我想起你的时候，能不再流泪了，那我就算看懂这本书了。
我真羡慕那只狐狸，虽然无法获得爱情，但可以温柔地霸占回忆。
可是，为什么我连回忆都模糊了呢？",0,一颗核桃
很喜欢，文字，图片，以及小王子的独自旅行～,0,落莲
读的是艾柯的译本，不错。,0,白开水
爸爸送给我的..,0,西瓜小姐。
美好的故事,0,Doyle Frenger
高一的时候看的，现在。。好像。。记不起来说的什么了。。,0,Tennyson
"A sweet book which reminds you of ur innocent childhood when u think sincerely and boarderlessly, as well as curiously at everything.",0,艾里艾特
一部写给心底小王子的童话.一个关于责任和爱的故事.,0,七瑾安
或许是最纯真的...,0,猫科女。
爱上亿万颗星球的一朵玫瑰花.,0,桃乐儿
幸福和忧伤，成人的童话～,0,玛格丽特*YEAR
"to：狐狸。请驯养我吧。
to:小王子。因为你为玫瑰花支付了时间，这才使她变得如此重要。",0,Sodayui
极爱的故事,0,逍遥地蔷薇~
"非常不喜欢,个人认为非常弱智..",0,婷婷要做甜娘☆
"看到流泪 让人心里感动、温暖的好书 有时间会重读
",0,婉菁
"看这个故事的时候
我还是个孩子
现在想来
是很好的故事",0,鱼秋刀。
读的时候就是觉得很单纯很可爱，仰望天空我的玫瑰和金色的麦浪我就会想起你，很甜美，哀而不伤~,0,薄荷
狐狸爱上麦子的颜色 熏衣草的花语,0,L.L
太美好，太伤感。,0,L&M
我是狐狸。,0,简同学
爱与责任。永不丢失。,0,徐达多
一本永远都读不懂的书,0,Shuiooo
百读不厌的小王子,0,清欢^^甘露
小王子一出，谁与争锋啊,0,SongSongSong
小王子 圣埃克苏佩里 童话 法国 ,0,菩提树
2,0,白朵朵
我是你的小王子,0,爱果斯坦
那些星星玫瑰和平静卑微的爱,0,改名叫无名
我最喜欢的童话故事，一本大人该读的童话。,0,summerwind
令人感动的童话  每次阅读都会有新的感悟,0,morewei
喜歡,0,崮莔☂°
买这个版本是给一个西班牙人的，拿到手后自己又读了一遍，这是5年来的第一次重读，却领悟了许许多多之前或许没有领悟或许是领悟了又忘了的，不知是不是意味着我又长大了一点，无论如何，越发喜欢这本书了,0,地球的小孩
"又是一本書架上不能沒有的書!今年出了60周年紀念版,有齊中,英,法文原文,值得收藏!",0,边度
我已经对童话失去领悟了因为这是成人童话,0,≡⊥≡许冠文
看了太多关于他的评论什么的。某一日以外得到了网络版的。于是在电脑上欣赏完了。不知道该怎么说,0,湖岸
不得不爱,0,亲爱的我呀
我爱这个故事,0,[已注销]
一颗空虚又不够美丽的玫瑰,0,大末纸
小王子在心里意味着什么？什么时候开始读的？每一本书都会唤起特定一段时间的记忆，那时的人，心情还有什么吧。而一本书里如果有不只一个人的身影，那么就有了收藏的理由，而如果有所爱的人一起分享，看到时，就有了温暖的理由。,0,Marie
一个在雾里的孩子,0,林凉。
也许我没有读懂,0,Dreamaker
喜欢，很单纯,0,辛夷子
  法国  经典  外国文学  哲学  小说  文学  小說  ,0,小号白*
最近一次看是在两年前，最近一次流泪是在两年前,0,Vera
收到的毕业礼物，男生在扉页上写：希望我是你的小王子。,0,渐渐
像本哲学书，每看每回味,0,暖悦薇
这个就不说什么了。。。,0,eulen
其实没大读懂，只是觉得思考挺深的。。。,0,韦恩斯坦_李
小狐狸,0,小可
高三睡前读物,0,小鸟球子思密达
童话,0,莫沫。
小王子和他的玫瑰花。可是那只小狐狸太可怜。,0,小岚
大人的世界，没有这样的纯粹。,0,颜熹
永恒的寓言,0,亚里士缺德
又一个神。,0,小核桃
也是带着一起上路的……,0,細細陳
这是一面镜子，不同的人，不同时候的一个人都能看到自己的折光，看到未来的路，和更高的视野。,0,蝌蚪往人
简单的童话！,0,魏玛德
"永远的 小王子。

狐狸说，i have the color of wheat...",0,慕卿
小王子~~555,0,蓝色竖琴手
我想做那棵玫瑰。好不好。,0,崔喜悦
亲爱的小狐狸,0,囍夭夭
啊……想不起了……,0,马走日
开心又忧伤！,0,老涼
王子 小王子,0,Florence
很多人都被感动了，而我竟没有感觉= =,0,Lisa.
沙漠之所以美丽，是因为不知道在什么地方，有一口水井,0,snowsheen
一直往前走 也走不到很远的  / 为什么人们记得的总是等爱的狐狸？,0,北纬
是从小王子里面，学会了驯养这个词，也学会了人与人之间该存在的关系,0,马卡小龙
小王子对五千朵玫瑰说：「你们很美，但你们是空虚的。」玫瑰：「呵呵。」,0,Fornever
感动人的童话。所有人的童话。,0,隐形巨狐狸
爱到无边啊！,0,光光哥
从此开始读童话,0,小刺客
虽然读过，但不是这一版！,0,白水煮蛋壳
"这他妈的根本不是儿童读物,完全是讽刺寓言,少儿不宜",0,LipingTaBaBa
"中学时看的,当时没觉得有什么特别之处.",0,芝草
什么都不要再说了！强打中的强打！主推中的主推！,0,[已注销]
这忧伤的年华。..,0,石白
买了一本送给外甥,0,老版的春天
成年人的童话,0,DingDang水叮铛
"小王子走了,我还有麦田的颜色",0,kara最近软棉棉
难以忘怀的心境,0,闲情小娜
我买的是中英法三语的，很可爱，故事也可爱，里面蕴藏的哲理其实也很简单，但是耐人寻味，生活，就是那个样子吧。,0,Maggie Z
"当你真心渴望某样东西的时,整个宇宙都会联合起来帮你完成.  --- Le Petit Prince",0,神探Summer酱
遥远星球上的孤单玫瑰,0,猫小姐
不用说了，心头爱。,0,[已注销]
小王子死了。,0,奔跑的梅洛斯
“只有用心才能看清。实质性的东西，用眼睛是看不见的。”小王子啊，你的眼里的世界是那么简单，只是那一切都不是真的。总要长大总要变得世俗，即使不情愿万般无奈，还是要面对这古怪的世界啊。,0,luzzz
重读，依然被同样的地方感动。,0,玄子
小王子,0,Echo
我爱小王子。我是狐狸不是玫瑰花。,0,空‖心的距離。
我不能像大人一樣愚笨盲目,0,Nosferatu
有些话很喜欢,0,Monica
我情願事那朵被愛的玫瑰!,0,莫必就是橄榄绿
忧伤的金黄头发的孩子，简笔画的世界。,0,圆影
看原著和译文一样好懂，讲的挺感人的，可惜不够吸引我,0,一间房狐狸
"我是花朵,我会永远陪在我的小王子的身边.即使他还没有出现.",0,乔小舟
重要的东西是看不见的。20140926。,1,萤火虫子
４根刺的玫瑰花,0,西柚小姐
我读的是原版，法语的优美可见一斑啊,0,[已注销]
"很难读懂的书
不敢妄加评论
绝对不是给小孩子娱乐的童话",0,茶咩咩你不要慌
因为在追寻的每个过程都是与神和永恒的邂逅,0,夏小夏
每个人都会喜欢的小王子。看了N遍了,0,[已注销]
那样的纯真从此再不可触摸,0,再也不理你了我
很短的小说，却感动得要命。很早前读的了，摘抄了很多选段。,0,seasons
挺有哲理，但也未免炒得太过火了,0,vivian四那
不多说。,0,白。
没传说中的那么好吧。。。,0,阿托品
關於一些純真的東西。,0,[已注销]
有些让大人也会思考的书.,0,UGLY
"仿佛很多人受益匪浅,我已经没有印象",0,shackle
故事蛮优美的,0,银河发吃指南
经典,0,Marilyn Monroe
温暖,0,柴小西。
Where's  my little Prince?,0,暖煦
完美的驯兽师,0,花儿
討厭小王子。,0,林柿
"经典的无以复加.这本书送给了曾经很重要的人,不知道他有没有看到我用铅笔画的暗线",0,要不要注销阿
第一本感动我的童话书,0,maya
永恒的纯真经典。用一辈子去认真品读。,0,Sunrise
印刷量仅次于圣经,0,像何首乌一样
not my type,0,碧螢
我觉得我没有王子,0,微若
等待驯养的狐狸,0,红绿RG
他不该是个王子。,0,[已注销]
其实，我只是想说那只狐狸。,0,王四毛
我爱我那朵玫瑰花,0,个篱
"我用了一天时间来读这本小小的书,才看懂。然后推荐给儿子,他只用两个小时就看完了，然后总结说：大人真笨啊~~~晕，看来他读懂了耶~~",0,深山夜读
"第一次读毫无感觉,第二此读泪流满面.有些书是需要年岁大一点才能读出""味""的",0,甲
五年后重读，感动的一塌糊涂。,0,Wennie
read when I was seven and since then I have read it for so many times but I JUST don't get it; like the openning only,0,狮子真好吃啊
神一般的存在...里面有一切答案..如果到孤岛只能带一本书...我带这个..,0,ドＭ
"GF发短信给我后，去找来看的,之前只看过片段.要怎么说呢?多么美,高级的美.这件事情带给我一点困惑,即在现世中要做怎样的自己.有时候这样行不通.但是这样很美",0,青州从事
其实一直很难理解小王子的恋情,0,ZLN
一天能看43次日落的小王子~,0,樱迷子猫
让我获益良多的一部童话。,0,{Claire}在想你
成年人的童话……,0,纳微
小王子和狐狸与玫瑰的故事。,0,紫漠
鄙视专门写给同人女的书，爆~ 我真的不太感冒耶,0,橙子换马甲
并没有想像中的那么好。这类畅销书大多得益于宣传策略的成功。,0,帕娅禾
真的很凄美,0,周戒2046
不是童话的童话书，第一次见帮主送的就是它，还在内页里写了一句话……现在怎么想都想不起来了 呵呵,0,艾星星
梦幻,0,bairn
"因为你，
我拥有了麦田的颜色
星星的笑声
和永远痛楚的忧伤",1,羅馬停雲
“我会住在其中的一颗星星上面，在某一颗星星上微笑着，每当夜晚你仰望星空的时候，就会像是看到所有的星星都在微笑一般。 ”,4,福福
读千遍不厌,0,♪吴绣绣
花40分钟读完了。为这本书的来历多加一颗星。单纯的童话，核心却是孤独、爱情、丧失和死亡。整个故事都透着淡淡的忧伤。童话的产生是为了满足现实中无法实现的愿望。借助童话，我们相信，那些渐行渐远，消失不见的人，一定也去了某个星球，在那儿继续幸福。,1,陈海贤
小王子说“有一朵花，我想，她已经驯养了我”,0,小新
请用沉静而温暖的心情去阅读,0,猫猫超人
读了好几遍，每次都很感动,0,Megan
读完觉得好悲伤。,1,芥末莫默
狐狸说：本质的东西总是藏在肉眼看不见的心灵深处,0,J 小辣椒
读完这本书，我开始重新审视自己的人生观了~~~很不错的一本书~~,0,对妖精也要温柔
不如等爱。,0,illuuusion
生命的真谛……,0,一贫
凭什么让我背下来 你怎么不把内容背下来！！！,0,费不灵～
恋爱时候读此书，甜苦觉倍,1,小安娜
哎呦，尼玛，短短几十分钟，居然看哭了,0,漆黑天使复活
我只是想说2016年法国举办的欧洲杯足球赛吉祥物，就是“小王子”,0,鱼~肉
伴我们长大的一本书,0,格子June
成人读的童话,0,啃苹果的喵
每读一次，多一次感想,0,挖掘幸福//当当
特别感人，也特别心塞，612星球其实很孤独,4,猫哥1234
陆陆续续终于是读完了它，大人总是喜欢给童话加上自己以为深沉的隐含意，其实就是一个梦一样的故事,0,echo
谁都喜欢读的书！,0,任意飞
"狐狸说，“可是，你不应该忘记它。你现在要对你驯服过的一切负责到底。你要对你的玫瑰负责……”
“我要对我的玫瑰负责……”小王子又重复着……
这是我听过最骄傲也最悲伤的情话",1,花花幼稚园园长
灰暗,0,叶生秋
12岁的生日礼物咯,0,托儿姨
"纯 美
",0,梅氏幽默
不该先看电影。,0,掉线
还要多读几遍,0,金鱼
这个版本的很好 有插图 貌似还是中英文的？,0,火完大人
恩，,0,LowTaS暖
我买了本 送给朋友,0,[已注销]
i've lost my rose,0,P
真是一本让人失望的书~,0,kiki
如果你暗恋星球上的一朵花~~,0,belle
"我已经用两种语言看过这本书的了，中文和英语。在不久的将来我要用法语看懂它。
我个人觉得此书主要在讲童趣和爱情，不知道别人是怎么理解的呢？这书的魅力就在于你完全可以发挥想象去理解！
",1,赫猫梵
一部非常感人的故事，作者是一个飞行员,0,白羽
关于那个只坚持自己的人,0,YSweet
一个悲伤。胜过一切,0,一代黄花大处男
我，可能永远都不是你的玫瑰花吧,2,期期
玫瑰、狐狸、“我”与小王子。所谓爱，就是彼此驯服。,1,没有时间的c
最亲爱的安东尼一号,0,[已注销]
孩子的隐喻,0,Distancer
天真又可爱的，人生,0,缺心眼子菜菜桑
最值得收藏的书...,0,猫尒哚 ™
大人的生活中没有童话，但大人的身体里住得下童心。,1,Mar
"就是给小朋友看的
我这样认为．．",0,丁美亿
这是最美的童话,0,Peachie
狐狸和小王子 驯养,0,M.Lin~酱
没有人不喜欢吧~,0,Nio伙同大果粒
快乐王子。,0,史太
听完的，男主播声音很美，醇厚。插画很温暖。各一星。也许已经世俗太久了，没有能够领悟到真谛。,0,不会游泳的鱼
上大一的时候把这本书送给了一个比我大14岁的学姐，她特别喜欢我也特别开心。,0,❐
给学生上阅读课用的是这本，我没童心。看不下去。,0,多多
柔软纯净,0,Girasol
原来 是个悲伤的 爱情故事呀 ,0,象
二刷，争取背下来，每天给孩子讲一段。如此浅白深刻愤世嫉俗，如此孤独，如此优美深情。服气。,0,孙智正老师
本书虽然是一部很短的童话小说，却不仅仅只是部童话，折射的更是难以理解的“大人世界”。小王子周游各个星球，遇见不同的人、动物、植物却始终能保持他内心的纯真。,0,薛定谔的猫
我读的似乎不是这个版本。我读过电子版和纸质的，应该有两三个，这本书不评五星，非人也。,0,子正
你读你懂你理解的故事，就好。,0,唯云兮
好像突然明白了人与人在友情和爱情之间还有另外一种情感，这种情感介于这两种情感之间，你会为那个人牵挂，会为他流泪。因为如果你要和一个人建立羁绊，你就得承担流泪的风险。,0,山坡羊
四个字：名副其实,0,寒食
读的英文版。,0,旧夏。
手里有本盗版，一直没坚持读下去。。。,0,nannanking
还真是一本寂寞的书啊,0,井底之蛙
of course,0,雪代　影
写给成年人的童话。小时候看瑰丽的想象和奇妙的旅程，长大后看牺牲与守候，驯养与唯一。,0,kibakiba
驯化，这个词真可爱！,0,Raylan
有一朵花...我想，她把我驯服了,0,Juno X
所以我是过了读童话的年纪了么读不下去啊╮(╯_╰)╭,0,已注销
然而并没有什么多大的感触。,0,Prozac
在听《法语听力》里播送的朗读版。第一章和第二章的叙述节奏和方式，让我很自然地联想到短小法剧《bref》。不知道后者是受了小王子式开场的启发，还是法国人的节奏和幽默向来有此传统。尤其对大概是最著名的、关于“驯养”的第二十一章最为印象深刻。,1,团子
第一遍读《小王子》没走心 第二遍只看前言就哭了,0,影子的素描
爱绝不是互相凝视，而是一起展望同一个方向,0,dianat
星际旅行,0,喵星球
经典在哪里？,0,扛着朗文走天涯
机场等人站着给重温了一遍＝ ＝,0,雪水1227
纯真就像青春，当你拥有时，你对自己的幸运一无所知,0,浣花谿主
那朵玫瑰和小羊，永远历历在目。,0,颜先生
早就看过了为何一直没标记。。。,0,水浴法加热可乐
小时候看的都是热闹 现在回头来看又有新的感悟,0,Reba
在火车上看完的，竟然看哭了,0,CIIc
我想我大概还没到读《小王子》的年龄吧。,0,Mr.Graceless
因为电影上映才重新读完的书，以前没兴趣，现在懂了，可能因为年纪大了，经历多了。,0,黑米飯糰™
小时候至少看了20遍,0,愛德狗
无与伦比,0,陌鸦
儘管天真，卻滿懷溫柔與希望,0,杏仁茶.
一些第一次还是看不太懂,0,Mr.M
狐狸与玫瑰。一个忧伤的好故事。,0,ppYang
"当时我太小了，不懂得爱是什么。
又看了一遍 舍弃的还是舍弃了 爱总是在那",0,蛋糕天才
读了一遍，还不够我还想再读几遍~在睡觉之前读，然后在脑海中想象小王子的星球~,0,cfqz
 It is the time you have wasted for your rose that makes your rose so important,0,某某
无感。我是惹人生厌缺乏想象力的大人。,0,达达
“坦诚就是没有掩饰 ，它会使一切都不再需要虚伪的面纱 。比如说 ，你并不喜爱一个人 ，那么你就不需要带上伪装的笑 ，这就是最浅显的坦诚了 。当然 ，坦诚有很多种形式 。如果所有的人都很坦诚 ，那么你会生活得很轻松 。 ”,0,小乙
在地鐵上讀完的小王子。。沒有像朋友說的那種震撼 和感觸。。也許是我道行不夠。。也或許 是其他人活的太複雜。。。不過我確實很喜歡一句話 “你現在要對你馴服過的一切負責到底”。。。,0,幾夏
莫名的忧伤,0,leonhardt
成年也有成年的无奈，未成年有未成年的奇思妙想,0,春风
以前觉得没什么意思，现在看了觉得特别好。,0,Dasein
一个深奥而又悲伤的故事。,0,藍色餅乾
真正重要的东西是眼睛看不见的,0,弁才天
年轻时错过提高EQ的书…,0,LeeThree
“请你······驯养我吧！”当这只小狐狸说出这句话，它是否想到了麦子的颜色，那是小王子头发的颜色，我相信在小狐狸还没有被小王子驯养之前小狐狸就已经开始想着看黄澄澄的麦子，那黄澄澄会让它想起小王子，而又因为小王子，那些黄澄澄已经再也不是普普通通的黄澄澄了。这真的是一个简单又悲伤地故事，就像很多的我们曾经的样子，一副少不更事的模样开心又肆意的成长着，我们任性的离开了我们花了很长时间照料的玫瑰花，我们难过但还是义无反顾，以后的日子里我们渐渐地明白了些关于爱，关于责任的道理，却已是四顾茫茫。“本质的东西，眼睛是看不见的”“你夜间仰望星空时，由于我就住在其中的一颗星上，由于我在其中一颗星上笑，那么，对你来说，所有的星星仿佛都在笑。唯有你，有一些会笑的星星”,0,伯鲁乃列斯基
重讀了一下，應該是說所有問題的本質，都要回到德爾菲神廟里的箴言”認識你自己“。你要是能審判好你自己，你就是一個真正有才智的人。至於書影評，也真是配的上桂枝人的鑒賞水平。,0,井底之gone
大概是因为我已经变成大人了，我居然看不下去。。。额。。。,0,隐形人
bullshit,0,陆喜狗
恩爱会，离别苦。人世间一切难以释怀的情感，在这本书里也许都能找到最有爱的解答。感谢@小斑鸠,0,若微
多年后重读，大概我也已经有了可恶的大人的痕迹了吧。什么时候我开始计较所谓有用的数字，为了节约时间而放弃走向清冽的山泉，沉溺在拥有的假象中。没有什么值得我去占有，真正重要的东西只有用心才能看到。承担起成年人的责任，内心保有少年的初心吧。,0,毛毛
2004,0,麦田守树者
时隔很久看马振骋版本的……我想看星星。,0,浓浓
生活所迫和王子的心到底谁是根本,0,Sanatos
小时候读不进去，现在成了大人反倒读进去了。温暖，柔软。,0,黄昏至上
如人饮水冷暖自知。我不知是读懂了还是没读懂，因为我没有大家所说热泪盈眶的感动。如果只有大人能读懂，那我大概还只是个小王子。不过为什么要把大人和孩子区分开呢。,0,koeimeteor
跟《夜航》，不像同一个作者。,0,Cooleung
长大了才读明白，然而想要参透还需要更多的时间。,0,大力水手派派花
令人惊讶的内涵，纯净到底的内心。,0,ayake
原来长大以后，读起来的感觉真的会变！,0,团团
有点后悔小时候没完整看过，反正长大了来看是不喜欢。我喜欢飞行员的包容和想象力，但是小王子明明很自私啊！把自己认为的东西强扣在别人身上，连自己的花都不能好好理解，失去了才想起要挽回…对狐狸也是很不负责啊，虽然说是狐狸自找的。我喜欢他的旅程，但并不喜欢他对别人的批判，他有什么资格指责花园里的玫瑰花呀？每一朵都是从种子长大的啊经历了辛苦啊。我倒是有点小歹毒地认为他被蛇咬死了，明明对“大人”的东西嗤之以鼻却对“未知的谜语”那么轻信。每个人都有努力地在为自认为重要的事情做努力呀，没必要就以“大人”这种轻描淡写的帽子扣一个吧。以及小王子的行星那么小，24小时43次日出，他也不会年轻了吧科科。,0,toishiki
不知道买的第几本小王子了，之前的都送人了，也就剩下这本了。,0,虾虾
也许是读这书的时候年龄尚小，而重读的年龄又太大。仍然觉得絮絮叨叨乱七八糟。,0,MrsAlwaysRight
好感动好感动。属于每个人的童话,0,赤姬
你这儿的人，在一个花园里种满五千朵玫瑰，却没能从中找到自己要的东西。有些重要的东西只能靠心灵才能看见 ,0,多田
“我那时什么也不懂！我应该根据她的行为，而不是根据她的话来判断她......我本应该猜出她那令人爱恋的花招后面所隐藏的温情。”,0,乘风好去
从第一次读到现在，十二年了，中间读过四次，直到而立年才明白有些珍惜的故事再也回不来。,0,拉比
想到一句话，Wherever I go，the sky is mine.可以理解为Wherever I go，the stars are mine.看到最后忍不住泣不成声。,0,cccyan
纷乱浮躁的生活中，翻翻这本书，你会发现自己还是个小孩子。,0,燃烧Q
我也许渡过了该读它的年龄……,0,Frankenstein
可是我并没有什么感觉诶,0,红小拂
看顾老师的时候送他一本小王子，他说，嗯，我已经有无数版本啦。“但赠言是我写给你的呀”。最后，他还是离开了这个世界。,0,冉
人长大了，就越来越浮皮潦草了，看不见花开花谢，日升日落，四时更替，也听不见风过树梢，叶子的簌簌声...当我们的眼睛耳朵被五光十色的喧嚣遮住了堵塞了。就再也体会不了“如果你爱上了一朵生长在一颗星星上的花，那么夜间，你看着天空就感到甜蜜愉快，所有的星星上都好象开着花。” 这样简单又甜蜜的快乐了。,0,孟冬
还没想好怎么评价，就等我想好了再来补上吧。,0,树
寓言简短，蛮好,0,S.UNreckonable
关于付出与珍惜，每句话都充满了柔情。,0,珞闻
k6，4。作为童话，很美，关于狐狸跟玫瑰的爱情故事，总觉得是后人的强加内涵。《小王子》突出的是怀念，《牧羊》强调的是追寻。,0,天山雪碧
不喜欢绘本,0,冻死狗了
1：43，是不是年纪大了就读不懂童书了。,0,喬
听过……,0,欧依熙
关于驯养和花费的时间从前看只是故事现在看有些辛酸。想看10月的电影,0,豆包
"这本书的评价很高,似乎有很多需要去扒开的东西,应该是本很好的书,或许我在以后读的时候会有更多的得着吧,现在真的不是太能理解他的意思. ",0,kiko
还好，没有什么感觉,0,小杨杨
寓意是什么？,0,LILY
想要这朵玫瑰。,0,丁莽莽
小时候还抄了一整本小王子,0,阿耶
需要再读一遍,0,兔仔
那天在波特兰的玫瑰园里 碰到一个小女孩 站在一朵其貌不扬 快要凋落的粉色玫瑰旁 非常开心地对她妈妈说 “Mom I found my favorite rose.” 当时好想紧紧拥抱小女孩。她就是小王子。爱就是难以言明又强烈存在的关联。,0,李敬敬
大人的世界那么丑 ,0,薄荷味落小落
根本看不下去的,0,兔子先生
我就是那一朵骄傲又自负的玫瑰花,0,学习使我快乐
第二次看，与初中时期初读时又有不同的感觉。小狐狸、金黄的麦田，是我最喜爱的意象。,0,荧光鳞片君
文笔优美，娓娓道来的隽永风格清新动人，但到底要说什么真没看懂……,0,小灰猫
我也想眷顾一个人，按照那些神圣的仪式，让我看到麦浪的黄色就会有发自内心的微笑，会有上亿颗小风铃可以让我在晚上的时候仰望倾听。,0,景明
=),0,girllee
最喜欢。,0,落句
 心若明镜，波澜不惊， 纯净剔透的心太少，玻璃心却太多~读着读着就想到最近看的印度片外形醉汉pk地球神~值得一读再读的童话，也许下次读，会读出不一样的感受~,0,叽里呱啦婉
我還是個孩子…我還不想被錘騸…我還想好多事情，我還想這樣去看看這世界，雖然這世界比沙漠還安靜…,0,暗到啊
成年和孩子都会有烦恼，谁也别说谁的烦恼简单。一朵玫瑰花，一颗星星，让自己感觉到自己是被需要的，即使不懂成人的世界，也不会太孤独。,0,春風
2012年读的，瞬间世界宁静了。。。。,0,多多茶
好看，骗骗小孩子。但就像平凡的世界，它影响力太大了。好多人没读懂，结果培养出一大堆有中国特色的小清新，比如说对法国的某种浪漫想象啊，被某种爱心包裹的商业动机啊。具体可以看下面书评里的腔调。,0,村气土肥圆
个人感觉对这本书的态度应该是一个两极分化的binomial 分布。恰恰反映了两种价值观。很不巧我是在不喜欢这本书的读者里。因为作者的逻辑大概是：1无聊的大人世界有些既定的法则，比如monogamy。2 因为玫瑰花欺骗了小王子，所以小王子驯养并背弃小狐狸也是理所应当的。3 小王子无法找到那一朵欺骗他的玫瑰，正如人回不到过去未被欺骗，未受伤害的，单纯的理想主义。接受命运的轮回吧：被人骗也骗别人。用唯美童话包装这样自私的一种价值观，圣埃克苏佩里不愧是暖男绿茶表的始祖。,0,Further Closer
应该再读一遍,0,阿飞
一天有多少次日落？,0,Lim
不出意料地不喜欢这个故事。一星给所有那些曾经的孩子；一星给这一句话：“若有人爱上了开在亿万星星上的一株花，那么看着星星就足以使他感到幸福”。,0,万朵
馴……服……,0,蔺灯
我的花使我的整个星球都有了清香，而我却不知道怎样从这些恩惠中获得快乐。。离开了花。。懂得了爱，却失去了爱人，我的花。,0,[已注销]
可能我就是那玫瑰吧 可是小王子再也没有回到我的星球…才读了一遍 等我再读几遍再来反思一下...,0,⸜( ˙-˙ )⸝
刚读完，是娃的睡前读物，娃很喜欢，娃问小王子到底回到他的星球了么，为什么求助三十秒就能致人死地的金黄色的毒蛇。我说他肯定回去了，和蛇的事等她长大一些就会明白,0,长安老农
又是一本被神化的书,0,五月的佛罗伦萨
重读了一遍，给我印象比较深的几段：狐狸和小王子之间的对话，小王子和“我”告别时所说的话，还有笑着的星星,0,梨子酱
#2015/10#这明明讲的是爱情啊。,0,May
最喜欢那只狐狸。,0,舜若多
长大了才知道，我们在世间的角色繁杂多样，曾经，过去，未来，都会是谁的玫瑰，狐狸，小王子。,0,Irene
给儿子读书,0,HollowCat No13
值得在人生的每一个阶段读的书,0,花仙纸露露
"小王子是我的安魂曲。
近来不断翻看小王子，看了一遍又一遍。
玫瑰的虚荣与骄傲，刺伤了小王子的心，让他开始流浪。
小王子遇到了狐狸，驯养一事让他学会爱与责任。
懂得了一个最质朴深刻的道理，
本质的东西，肉眼是看不见的，要用心去感受。

这是一只最可爱的狐狸。",0,Breadtoo
小王子要离开的时候 我心里特别难受得想哭.,0,YI
什么才是正经事呢,0,雨果僧
没读懂，还是太简单不适合成人阅读？,0,牛没有上牙
三星半。童话版历险记。,0,巴士念地鐵
2014.11.21      09：50看完,0,卷尾Q汤圆
想有一天能够用法文读出来。人一生最幸福的莫过于有一只愿意被他驯服的小狐狸，对他来说独一无二的小狐狸,0,念昭
啊童年的回忆。,0,Ǎ
谈不上有多让人感动，难道我已经忘了初心？ᶘ ᵒᴥᵒᶅ,0,哈库拉！莫塔塔
很遗憾现在才读到这本书，里面简单的道理直到现在还不明白：只有用心才能体会到真谛。,0,lemon
痛苦的成年人，如何才能回到幸福的童年。,0,代代木
颤抖吧我看完了泰语版的 ,0,御寒鹿
哄某菜花睡觉的好东西。,0,Nagi@干劲满满
没有理解，虽然有些寓意能够猜到，但是仍然无法理解作为一个经久不衰的名著的意义所在！我读书少，好痛苦。。。。,0,馨
看完值得一声叹息,0,麻吉嘛
每隔一两年会看一次 每次都有点不同的体会 尤其是关于驯养 关于狐狸和玫瑰花那一段,0,稀饭小姐
没有听懂这本书,0,獨孤求敗
驯养：使陌生人从芸芸众生成为我们。快40岁的时候，回头读这样书，常常会想起那些被遗忘、被抛弃、被放弃的另一个世界。孩子太小，听不明白，我读着读着决定自己像国王，老是喜欢给孩子下命令，又像商人，整天跟萌说我在工作你自己玩儿会，又像酒鬼，一边减肥一边吃。萌爸说，不对，你们读书人最像那位教条的地理学家。,0,小满
有什么好看的到底.....,0,破折
哎……长大了看这本书才知道，不是所有人都可以拥有属于自己的独一无二的玫瑰,0,Song-Leo
献给成年人最美丽的童话，即使这或许与他们，与他们的童年并不相干。,0,玉手竹子
“請你，馴服我吧。”小狐狸對王子說。“tame”是一個很美麗的詞，當然，不是《馴悍記》中的那個“taming”。哈。,0,Daisy Li
"很简短的小说，还是能在里面找到共鸣。If you tame me, then we shall need each other. To me, you will be unique in all the world. To you, I shall be unique in all the world. | It is only with the heart that one can see rightly; what is essential is invisilbe to the eye. 嗯，我相信(ˇˍˇ)。",0,糖炒栗子
再读一遍想要讲给77听，结局依然让人悲伤。,0,绝望的猫女
好久没看“儿童读物”了，感慨现代人的生活节奏太快，已经很少有几个“大人”能有作者那样的童心了。里头有部分的嘲讽很棒。,0,†曉曉楽°
深刻哲思,0,加利利人
没看明白 是因为没有童心了？,0,六娘
百态~,0,熊能能脚不沾地
趁今天偷假又读了一次，前头依旧好棒，结尾再干脆点就更好了。,0,李维北
园中五千朵玫瑰，不知哪一支属于我,0,冰仔
要想制造羁绊，就必须承受流泪的风险。,0,啊哈乔在这里
纯真而美好,0,簏眯矽汼
“人们已经忘记了这个道理，”狐狸说，“可是，你不应该忘记它。你现在要对你驯服过的一切负责到底。你要对你的玫瑰负责...”,0,陌城
启蒙,0,K1eru7
重新看了一遍，终于几乎看懂了。原来，这是一篇相当忧伤的文字。,0,维维安的天空
小王子 一遍一遍地看 是越看越伤心的类型 随着年纪增长 会有不一样的感悟,0,愛莉斯與魚
童话再读一遍，总是会发现好深刻。,0,kaby
愿你的心中永远的住着这样一个小王子，不长大。,0,Easy
并没有任何感动 因为我已经是大人了吧,1,扎瑚岱
终于觉得理解了一点。是手中无剑心中也无剑的状态。,0,风wind
像没有受伤过一样去爱吧，因为终有一散的人们。,0,没插电源
肉眼看不见事务的本质，只有用心灵才能洞察一切,0,四妙丸
不如预期 可能是年龄太大？,0,北坡
就说不出为什么，读完心里有淡淡的忧伤。,0,小狐同学
我可以说我没看懂么？,1,香蕉皮爱跌倒
你驯服了我，可我还是什么都没得到。,0,张AKI
每一个星球上都有花朵，而我只爱这一朵，因为我们驯养了彼此啊。珍惜时光，珍惜有缘人。,0,桃乐丝
"两天、两小时；""The grown-ups are certainly very,very odd""。",0,veelam
受《小王子》影响的影视和文学作品非常之多，它的知名度早已不再需要借助偶像剧里虚拟的爱情。不过，《小王子》能因这波“都叫兽”热潮而得到更广泛的普及，这也是令俺们童书业者喜闻乐见普天同庆奔走相告的的事儿。#来自星星的你#,0,玄蠊子
重读三百遍。最喜欢的童话，没有之一。,0,顾芸逐
小王子啊。,0,东东余额不足
不是玫瑰花，是狐狸,0,[已注销]
成人童话,0,妍娘
给大人的童话故事,0,Lucky Bamboo
孤独的沙漠航班，杀死人的浪漫,0,李守中
最后安托万跟着他的小王子去了B621，再也没有回来,0,永野
小王子 meilleur！！,0,白丁
"七月三号的我猜，一个小孩说，有一种车他最喜欢。于是大人们纷纷开始猜测，奔驰，大卡，云云。结果小孩说，他最喜欢垃圾车。 
因为垃圾车来的时候，都有音乐。 
你看看人们都在乎些什么！ ",0,$onya
成年人不宜,0,纯棉开裆裤✈️
《小王子》讲的是只有孩子才能懂的事，却是一本只有大人才能看懂的书。,0,酱油白菜
哦，之前忘记标注了。,0,疯子航
坦白说，我并没有印象这书向广大文艺青年说的那么好，也许因为年代久远，看的时候似乎都是10年签了……但是没有什么感觉，但现在我也没有什么兴趣再去看看究竟是什么内容……,0,鹤少夜
此生  有一个自己的小王子 足矣。单纯 乐观 善良 纯真。,0,Roses
嗯。,0,原应叹息
小清新,0,🐧APQ🗝
用了半个月的时间，再读这故事，自我教育。,0,暖聲
是的，星星总是引我欢笑,0,一元师傅
看完电影再看。非常感触。,0,森淼❀
长大了是多么无聊,0,半透明
真有味道,0,风泉
找不到我那版，那版除了小王子还有人类的大地等篇，小王子这篇还好，后面那些看得我。。。真要吐血了,0,栋栋栋栋锵
"""忘记一个朋友，这太叫人悲伤了。并不是所有的人都有过一个朋友。""",0,三鲜伊面
只有建立联系才能够变的不同，连相关联的东西原来无关轻重的东西也回现出美丽来。这已经是我记不清第几次读了，没读一次都总会有些新的感悟，很美的童话，适合所有人看的童话,0,思维定势
摘一朵玫瑰送你,0,桥声。
少儿读物,0,林征
你们都不如我的玫瑰好，因为我的玫瑰拥有我的爱,0,咪尔维诺
这是一本老少通吃的书，不同时期不同思想感悟的人会有不同的感悟吧。现在的我认为《小王子》=弗洛姆的《逃避自由》+《傲慢与偏见》，哲理,0,duguyixiaono1
是思念中的玫瑰还是享受当下生活的狐狸？,0,诺隐君
我也想要一个 小王子~,0,超人小逗
我是那个修飞机的,0,罗老师不是老师
我看完了，可是我还思想是没有变得比较天真纯洁。,0,温柔患者
看一遍看一遍又看一遍,0,XXX
每个人曾经都只是个小孩,0,U_U
只能说读的时候太年轻，没看懂内涵。= =,0,娘口三三
爱与责任,0,小小小小琼
归类还是儿童文学吧？,0,Indigo
莫名觉得感动,0,Lucifer
终于看了传说中的小王子。。。,0,Erika
人艰勿拆,0,Kerena
不喜欢那朵玫瑰花。,0,绿森梦与猫眠
好想一天看48次落日〜,0,mabinogiblue
适合在疲惫时看，简单、浅显，但总是被我们忘记,0,shrek
爱上狐狸。,0,flora_xp
我也爱我的那朵玫瑰。但谁又知道玫瑰和狐狸哪一个在我心里留下了眼泪,0,申岳
终于读了，着实无感，晓宇说因为我老了！,0,琴瑟琵琶
你的星星什么样子的,0,Jggg有种就
很棒,0,差不多小姐
对于小狐狸与小王子之间的羁绊 曾拿来比喻和EX之间的关系 只不过我永远是需要被需要的那一方。。。。。,0,AliceJ
 a dong 我们两个，谁是那只狐狸,0,[已注销]
"“如果你愛上了一朵生長在一顆星星上的花，那麼夜間，你看着天空
就感到甜蜜愉快。所有的星星上都好像開着花。”",0,马泥巴
绝对经典 值得看！ ,0,甜不思
嘿呀嘿呀,0,Elárbol
"“正因为你为你的玫瑰花费了时间，这才使你的玫瑰变得如此重要。”
",0,小金毛
正如作者在前言所述 这是一本写给成人的童话 对于至今仍旧欠缺社会经验的人来讲我依旧不能完全明白所有故事所折射的道理（如果作者确实在其中蕴藏了一些）连着读了两遍后 认为小王子路过的星球其实并不是重点 每个星球上个性鲜明的一个人仿佛是地球上所有人的笼统概括 而与飞行员的对话则无时不刻显现着小王子天真质朴无邪的一面 我想只有把自己的心如同可以看到肚内大象的蟒蛇一样赤裸裸的呈现 才可以完全理解小王子 也只有这样才可以在离别后被如此那般的惦念 只可惜我们现在谁都没了这个勇气~~,0,Jason_波波
说实话，我原来以为我不会喜欢看小王子。昨晚闲着没事就翻了翻，居然一直就这样翻完了。其实我小时候没读过几篇童话，所以觉得童话的语言很奇妙很好玩。小王子说每个大人都很奇怪，每天在干的正经事根本一点价值也没有，为了权利、虚荣心、钱财、成就而放弃了生命中最重要的快乐，现实中的这些人这些事经由童话放大出来，真的变得很可笑。是的，这真是一本写给大人看的童话。,0,Hem
爱上王子的狐狸。面对终是挽留不住的人，她该怎么办呢。 ,0,时间的玫瑰
612星球。,0,m.
正因为你为你的玫瑰花费了时间 才使你的玫瑰变得如此重要。,0,luna
单纯为了插图,0,那个Wednesday
我爱你，你敢爱我么？,0,苦逼媳妇小刘英
当时你还在的时候 我读的这本小王子 现在也只剩这一本了 ,0,妄作
看不下去。。。没看完,0,少庄主T
长大了 变得又笨又迟钝 最重要的事 是看不到的事 请唤醒我,0,微若妮卡。
为狐狸,0,林里
我已经变成无趣的大人，不敢有玫瑰花的傲娇，只剩狐狸的寂寥,0,尉迟
初中在新华书店读者俱乐部看的,0,OrNot
"""我那时什么也不懂！我本该猜出她那站不住脚的花招后面的温情。""",0,拷古雪茄
初中还是高中读的，但是没觉得有什么感染力。。。大概我早就是个肮脏的大人了。。。,0,姜汁普路托
 …… 小王子的地球朋友说，每个大人都曾是小孩，然而，却很少有人记得（“我的样子像是死了，但那不是真的……” 小王子临走前拉着飞行员的手说。后来，他把小王子的故事献给了一位被关在集中营里的文艺复兴人）。,0,玉擎
据说译文都不怎么好（除了绿皮那版？），无奈完全不懂法文，凑合看吧,0,郑小吉
本来是我爸给我侄子的书。,0,不一定鼠
每读一遍读得就更慢一些。孤独的小王子。,0,yanggege
我心爱的花在那里,0,yasha
原来看时不懂你，之后再看真的被深深感动了,0,西西弗西西
爱这个世界，与这个世界无关。,0,孤傲的猫
我会反复读它，以确信自己的心还活着。,0,海豚
不是我的菜,0,ooyor
真美好,0,野狼
我曾经是B612星球那株自负又不肯面对自己的玫瑰，所以我的小王子出走了。我总认为我有四根刺能保护自己，忽视了黄沙就能将我埋没。现在这株玫瑰成熟了，以后我也能有小王子那样淡泊的人生观，我知道他会回来的,0,探戈橙
小王子有两座活火山。早上热饭很方便。还有一座死火山。正好用来当凳子。,0,职业梦想家
你的那一朵玫瑰花,0,[已注销]
当人渐渐长大，就失去了最宝贵的童真,0,徐草原
今天，你看了多少次日落.....,0,代替你
音乐剧也很好看,0,代胖花
"作为豆瓣图书top1,表示理解无能",0,惘然纪
最爱不解释。从大一开始真正读小王子，到后来一次次被泪流满面。等你长大后你就忘了自己曾经也是个孩子，你的世界充满数字，权力和金钱。你不知道什么是美丽脆弱和浪漫，不再因为一次日落而快乐或忧伤。星球里的每个人都那么真实的存在我们世界里，而你却习以为常，这才是最可怕的,0,苏打草莓
要是我认识一朵花儿，她是世界上独一无二的，她哪儿也不长，只长在我的星球上，而一只小羊可以糊里糊涂一口就把她毁了，这难道不重要？,0,蜡蜡
我们常常忘记，我们自己也曾经是小孩,0,Zuriko
"凑凑热闹
",0,四藏居士
到底要表达什么呢，为什么这种简单的书我却看不懂,0,菲呀飞
那个，请问，为什么里面的人都独自住在一个星球呢，那不是很孤独吗,0,二十一世纪哪吒
tamed,0,秦岭山人
讲真没觉得多有意思,0,Florence
每次读都有不一样的感觉.不敢说太懂得，只是依稀觉得，自己更像是那只等待你驯化的小狐狸。,0,如雨是桔子的ma
狐狸说——请驯养我吧,0,乌拉诺布斯
已经是大人了，与儿童的世界渐行渐远，所以看得很累。,0,想想
这个版本也很好,0,芦荟
每句话都有打动人地方，每篇都有令人反省的作用。,0,Reneego
如果有一个问题，就会一直问下去。,0,ㅗㅗ
其实我觉得这是一本情书，太违和了。,0,xunyuxin
本该是五分的,0,lokamiee
我就是觉得小王子好矫情啊！真正的童真不是矫情呀！,0,荒爨
"因为《小王子》中的引语,这就象花一样。如果你爱上了一朵生长在一颗星星上的花,那么夜间,你看着天空就感到甜蜜愉快。所有的星星上好象开花。” 。星星真美，因为有一朵看不见的花。",0,花啦花。
我一直觉得这是我看过的最温暖最奇妙的童话故事。,0,Nadja
“正因为你为你的玫瑰花费了时间，这才使的玫瑰变得如此重要。”,0,不神奇的满大人
看了好几遍，也没看出那么多的大人所谓的寓意。,0,祎夜
两天读完原版。这本书诠释了很多东西，爱、信任、责任、心……是值得买来收藏的一本书。,0,Cornelia
小Melon从小“玩”到大的书。,0,九公主
#书单# Book 82《小王子》非常简单的故事书，却流传了很久。真正重要的都是用眼镜看不见的，真正需要负责任的都是要经过无数人生历练才能想明白的。你走过大江大河，却发现你最需要，也是最需要你的，就在你的家门口。,1,袁春楠
我们都要找到自己的星球、王子、狐狸和玫瑰,0,H.
小学四年级时老师推荐看的书，还看过动画和歌剧,0,morimi
读上多少次都不够,0,[已注销]
2013-2-20：很喜欢。想读读英文版，自己查字典，自己翻译。2-21：读着舒服。小王子，相信很多人都喜欢你，但很多人会说你是傻子，涉世未深没长大不成熟，世界远不是“这些大人真的好奇怪”那般单纯。你想要游刃有余，就必须磨去棱角，变得圆滑世故。话又说回来，我还是喜欢你，一如昨日第一次碰到你。推荐哦，可以经常翻阅的一部哲学作品。,0,捣乱
今晚重新逐字逐句地看回這本“童話”。關於“馴服”的故事最浪漫。,0,Rabwe
挺有意思的故事，献给大人的童话，关乎成长。“实质性的东西是眼睛看不清的，要用心去看。 话语是误会的根源。 星星开花。被驯服的东西才可以被了解。”等等,0,摩天轮
爱的力量！喜欢单纯，为爱感伤，因爱成长的小王子。,0,黄桃wendy
请你驯养我,0,翟
不是童话，是寓言,0,文晴
得到了心灵的救赎。我爱圣埃克苏佩里~God bless you~,0,生如夏花
我是狐狸,0,木小瓷
现在才看仍然不迟,0,荻野英
one of my favorites,0,林小又
饭前饭后抽空，很快就看完了，觉对是一本写给大人的童话。语言既隽永又易懂。可能经常读一读就不会让自己迷失太多,0,八神映月
刚刚读的。,0,刘志意
和其他的小说一起看的，感觉美丽而感伤~,0,牟仃
可能是我定力不够至今没读完，也许是我的脑容量不够有一些没看懂。。。不过挺喜欢那只小狐狸的,0,杰拉奇
图书馆这本书的状态永远都是已借，等不了就去买了一本，读完会觉得很温暖。,0,夏的城堡
我想说我是真的没看懂~,0,皮皮
肉眼看不见事务的本质，只有用心灵才能洞察一切  也许只有孩子才能够明白自己内心真正所想 并且流露出渴望,0,荔枝童鞋
一直不懂小王子。真心不懂。不懂为什么会那么出名。为甚呢。求解。,0,知之
5000朵玫瑰和一朵玫瑰的区别，就是没被驯服的小王子和被驯服的小王子。,0,白叶
欣赏不了。,0,🙃
最爱的作品，没有之一。且有收藏此书各种版本的癖好。每看必哭，我坚信7月31日的那天，他一定是与小王子相遇了。,0,19431818
没怎么看懂啊，难道是我太老了？,0,青松
每人大人都是从做孩子开始的。然而，记得这事的又有几个呢？,0,一只兮
从出生起我们就退化了。,0,francecat
很小的时候就在书店蹭读了。依稀记得新华书店的冷气好舒服,0,Purple Man
其实有些地方还是不够理解，比如狐狸要求被驯服的理论，但好像隐隐之中我也在做同样的事情。,0,麦虾米。
一本非常不错很用心写的书，让人找回赤子之心!,0,它音
你是我的唯一的玫瑰。,0,ପ(꒪ˊ꒳ˋ꒪)ଓ
彼此驯服，才觉世上唯你独一无二。狐狸再好，我独钟情于玫瑰。,0,涤恒
爱是驯养,0,That's all
这本书是年纪越大读越想哭。,0,black.f
给成人看的童话书，找回丢失的童真和自己,0,天天天蓝
保有一颗童心到底是好事儿还是坏事儿？Who knows.,0,昔昔盐
简单的感动,0,柠夏佑木
最说教的书  同时也是最不说教的书  因为我知道他在说教而我又没完全理解~~~,0,未卜
总有些经典是被绑架着去看的，然后就会本能地抵触这种书，所以小王子就遭殃了… 我倒是觉得它的第二部（鬼知道是真的假的）很不错～,0,いずみ ちあき
驯服后，你就是我的唯一了，当然我也是你的唯一了,0,5-617
还有这个版本的小王子吗？,0,向死而生
看的是英文版的，不错。在小孩子的眼中，大人的行为有那么点不可来理解，喜欢把简单的事情复杂化。,0,NANA
一本写给大人看的童话,0,O.V
我会告诉你，我读了起码十遍了吗,0,❤~鬼鬼~❤
《妙手仁心②》中吴启华给昏迷的蔡少芬读书的那段一直让人难以忘怀,0,clementinezw
小王子不明白，大人们为什么都那么的虚荣自私狂妄自以为是，不明白，真是不明白。,0,囧子
无论读多少遍永远觉得不好看，不知道为什么全世界都爱,0,frederica
成人童话。,0,大西瓜
不对我的胃口，感觉太有凉意，读了很多版本，还是不知道为什么这么流行。,0,Mafalda Chen
 你为什么不快乐,0,十二月的射手
那么天真        那么善良       怎么都是只有在书中显现的童话呢 ,0,放生的野草
以前我以为我读过，现在我知道我读懂了。,0,你好，忧愁！
我要对我的玫瑰负责~,0,Themay
我也有朵玫瑰花，带刺的,0,一实
就是贝塔斯曼炒起来的！,0,清水幻象
地球太危险了,0,付瑞德
看了两遍，哭了一夜,0,Leather & Lace
新华书店蹭读的书。,0,改名远离三次元
　“这就象花一样。如果你爱上了一朵生长在一颗星星上的花，那么夜间，你看着天空就感到甜蜜愉快，所有的星星上都好象开着花。” （买了快一年的书，昨晚终于看完了，我以为永远也不会看完这本书，那个最初买书的愿望再也不会实现了，不是么！）,0,早早早
- -谁看懂了？,0,Rubiaceae。
不好说。。。,0,大哥大嫂过年好
"今日我再读小王子，已然没有当初的轻松。当时只看到他对玫瑰的爱与包容，但却没有看到孩童与成人的区别。原谅我想在这里加上一句来自彼得潘的话：every child grows up, except one.",0,莫扎扎
在车上重新看了一遍。比小时候看得有真相了。,0,白兰
把文曲星敲的和计算机一样读完了原著TAT词汇量少是硬伤,0,[已注销]
有关驯养。,0,沙拉牛奶
不错，但名气更响,0,马孔多
小王子是一种瘾。看到不同的版本就想买，这个小王子搭成的世界就好像是我的恐龙蛋。,0,该吃药了
太柔软了,0,[已注销]
我早该猜到，在她那可笑的伎俩后面是缱绻柔情啊。花朵是如此的天真无邪！可是，我毕竟是太年轻了，不知该如何去爱她,0,...
我们渐渐都远离了自己,0,朱鹿
我爱着那只狐狸。,0,荏苒
或许有天我不再是你的狐狸。,0,不死鳥
看到玫瑰花的那段居然看哭了 。。泪点呀,0,吃小睡
大人们通常都是这样 以貌取人,0,S
我觉得小王子经久不衰的魅力在于它让我们想起自己曾经的样子，想起我们曾经做过的那个孩子。我知道，我曾经一定也拥有过一朵独一无二的玫瑰，也为一只没有带口罩的山羊吃掉了我的玫瑰这件如此重要的大事而伤心哭泣。我的世界也曾经像小王子的那样简单。你好，小时候的许豆豆。,0,许豆豆
我永远爱你,0,master bionic
我特别在意的是玫瑰花冷峻的柔情,0,番长橙子
是你们耗费在我身上的时间，让我变得如此珍贵。,0,四季便当
童话寓言,0,[已注销]
掉进了想象力的蜜罐，原来理智的哲思也可以让人潸然泪下。,0,团团小哥哥
淡淡的忧伤，永恒的小王子...,0,堇小槿
这本读的英文版本，不知道法语版读起来是怎么样的感觉~成人的世界奇怪的规则，奇怪的符号，不懂不懂。能保留自己的一个美好世界就好~,0,Candy
B612上第N次日落,0,劍秋
隐约的记得一点他说的是什么,0,黑川吗?
也許距離上一次看這本書已經很久了，就算它一直擺在書架最顯眼的位子，也都忘了當初是怎麼喜歡的了。,0,还是不靠谱
自有,0,天行
"一晚上看完的。然后就和他一起消失了，我是说文字。
",0,三四特尔
我看得好像不是这个版本,0,汤圆圆
饱含泪水,0,拙宥_梓
眼睛是什么也看不见的，应该用心去寻找。,0,孤独星。
我一直记得那条肚子里有大象的蛇。,0,谁来买我的小🐵
大人最讨厌了,0,燕贼
有机会看原文吧。,0,末 。 式光
说实话，我觉得这本书需要反复读N遍才会明白其中深意。我想等我学会法语之后读读原版,0,泊也
他们的过去是我们的现在，我们的现在是另一个群体的未来,0,聊斋
"http://book.douban.com/review/5513033/，http://book.douban.com/review/6295385/，
http://book.douban.com/review/6694603/",0,neuxxm
10几岁的时候读 觉得他好可爱 过几年读觉得他好有爱 小王子常常被套用在各种各样的故事里 其实他只是小王子 只爱他的红玫瑰,0,陳書櫃
启蒙类 我当时已经老大不小 看不进去个所以然,0,bia激bia激
因为麦田的缘故 我还是得到了好处,0,etodemerzel
最喜欢的书，没有之一。,0,[已注销]
始终不理解它为什么得分这么高，还是我太现实了？,0,琉璃
明心见性。孩子能轻易做到，却对成人是一种奢侈。,0,雪梅公子
无感,0,【已注销】
记得当年我拼命找这本书的单独本因为篇幅短吧不是中英双版就是和其他结合在一起的无语。最后终于找到看完觉得为何没有我感觉那么好看……不过还是喜欢的,0,司幕
洗洗我的心。很多感人之处、精彩的话。这就象花一样。如果你爱上了一朵生长在一颗星星上的花，那么夜间，你看着天空就感到甜蜜愉快，所有的星星上都好象开着花。   由于麦子颜色的缘故，我还是得到了好处。,0,鲍...
不高兴，就看落日。,0,呲嚕桑
是你对你的玫瑰花花的时间，使她变得重要了。,0,合欢黜忿
买的是中英法三种文字的珍藏版。至今为止只看过中文。法语的部分最多最多就只会读一读“狐狸讲怎样被驯服”的片段。但是喜欢。非常喜欢。我总是想，最后小王子一定是死掉了，或是回到自己的星球之后，玫瑰花也早就死掉了。这是一个教我们学会珍惜的悲剧吧。,0,薇安
作者是飞行员,0,点姐看b
我没看懂 再读再体会,0,饕餮小怪
第三遍看《小王子》，在一瞬间忽然明白。这是讲给大人们听的童话故事，而我做了二十多年的小孩子。,0,Arki
那么骄傲的玫瑰花，那么单纯的童话。,0,[已注销]
可耻的想说没怎么懂,0,阿玖不骗人！
暖心隽永的童话。真希望永远都不要长大，永远都不会长大。爱与责任，我是否有勇气承担？！,0,疯来的人
小王子的想象力！小王子对自然地好奇与热爱，小王子与小狐狸...像是个童话却具有哲理！,0,蚊子是鸟
不想再做小狐狸，所以，请让我变成玫瑰花吧。,0,七七弗斯
对其中的爱情没什么感觉，只觉得讽刺外星人那几段有点意思,0,[已注销]
“如果你爱上了一朵长在星星上的花，那么夜间，你看着天空就感到甜蜜愉快，就好像所有的星星上都开着花。”,0,W
我果真不再是小孩子了,0,暖鱼生烟
“我得到好处了，我拥有了麦子的颜色”,0,阿亮
好想看四十四次日落....一直以来的感动,0,海参变形
我画的不是帽子，我有一天看过四十三次落日,0,陈携西
矫情书,0,莔莔莔莔虫牙莔
翻开第一页就爱上它了。,0,乐观的愁容骑士
20岁再读时已于16岁初读时的感触截然不同了，可能因为我已经不再是个孩子了……,0,蜻蜓小瓷
"one of my favorite novel,wish i could got a fox....XD",0,西蓝花
小王子最后也离开了教会他什么是爱的小狐狸...真是个悲伤的童话故事...,0,安小泊
"每次看每次都看到更多
",0,[已注销]
看过很多遍还是不太明白   时不待我 TAT,0,什么呀
你驯服了我，就要对我负责。,0,龟八憨
‘我的那朵花就在其中的一颗星星上……’,0,小贝戈
每个人心中都有一个小王子。,0,豆芽茬茬
读懂了好像又没读懂，每个大人都忘记了自己曾是单纯的孩子。你也可以用爱找一朵与众不同的玫瑰花，及时是一朵而已~~~改天我再认真读一遍吧,0,我是牛我是牛
"“你看，看到那边的麦田了吗？我不吃面包，麦子对我来说一点意义也没有，麦田无法让我产生联想，这实在可悲。但是，你有一头金发，如果你驯养我，那该有多么美好啊！金黄色的麦子会让我想起你，我也会喜欢听风在麦穗间吹拂的声音。”    心疼那小狐狸
",0,1847
里面画画不怎么样，但是，每次看书，都莫名其妙的想要哭，我们离真实的自己该是有多远啊~~~本来我们也认同的事情，只是因为大众观念不一致，我们也跟着改变自己。,0,雄辩症早期患者
小时候我不肯承认它是一本童话——因为它太过晦涩。长大后我不肯承认它是一本童话——因为它太过忧伤。,0,三少福气而且贵
本人欣赏水平有限..,0,张先生
被各种二逼青年用烂了的好书,0,[已注销]
没有太多感触，可能更适合别人吧。,0,[已注销]
其实真的需要的  很少,0,Niemandsrose
感人，小王子到底回到了星球没有呢？__来自我弟弟的评价,0,Promise
今天下午不到一小时一口气读完。很美的故事，读到其中的“你为你的玫瑰花花费了时间，才使你的玫瑰花变得那么重要”，眼睛有点湿润了。这就是于万千世界中我们的爱~~~,0,bornde
小王子和麦兜是我最喜欢的两个儿童，他们懂得爱，懂得知足常乐，所以能得到最简单的幸福。宁做被驯养陪伴的小狐狸，不做念念不忘却远在天涯的玫瑰，。,0,沐梵
内容太感性了，估计年纪太大的缘故，读后感觉一般，给了三颗星。这类题材可能更适合几米那种方式表现。,0,流浪地球
温暖安静的角落,0,疏桐
不知道是不是这个版本，前面有一篇序言，叫《我是那只等爱的狐狸》，写得很不错,0,Piper Chen
这种童话被矫情的人炒作多了后会不由地从普通粉转路人,0,饲养员大黄
小王子：“你们很美，”他继续往下说“但是很空虚，没有人会为你们而死，没错，一般过路的人，可能会认为我的玫瑰和你们很像，但她只要一朵花就胜过你们全部，因为她是我灌溉的那朵玫瑰花；她是那朵我放在玻璃罩下面，让我保护不被风吹袭，而且为她打死毛毛虫的玫瑰；因为，她是那朵我愿意倾听她发牢骚吹嘘甚至沉默的那朵玫瑰；因为，她是我的玫瑰。”果然是康永哥的最爱；我对圣埃克苏佩里的一生更感兴趣。,0,小东邪
我醉酒，是为了忘记醉酒的耻辱，如此循环，以致无穷。,0,Jacob
不在于我们有多少被规划的事情要去做，而在于我们自己的心灵有多需要独一无二的那份期望和追求,0,舒顏
长大了才看懂了他,0,雨女
不明白为什么评分这么高，难道大人们只看这一部“童话”么,0,╰(*°▽°*)╯
从11岁到21岁的枕边书,0,大贝会上树
太纯了。。,0,束河。
我身边没有一个这样的小王子，住一个这样的小王子在心里吧。,0,秋里
后来我才发现，原来是我厌倦了做你的狐狸。一旦要求太多，果然必定什么都失去。,0,PoTATo
太美了。,0,狮子堂戌子
路途太远了，我不能带着这躯壳走，太沉了,0,ligeng
小学时看的，只记得书质很好，每页上的字数不多，配着插图。好像当时一直纳闷，为什么小王子总是一个人？非常有必要再看一遍,0,语
名篇就名篇吧，反正我不喜欢==也看不懂。我俗人一个。,0,穿越世界的旅行
狐狸和玫瑰  你会选谁？,0,不宣
看不懂啊,0,黑猫不睡
小狐狸、矫情的小玫瑰！,0,Moomin
所以我就是那只小狐狸……,0,[已注销]
很干净~,0,Munes
心中永远的满分，给大人读的童话,0,冷乌龙
重读仍旧感动~~,0,善存
如果你对大人们说：“我看到一幢用玫瑰色的砖盖成的漂亮的房子，它的窗户上有天竺葵，屋顶上还有鸽子……”他们怎么也想象不出这种房子有多么好。必须对他们说：“我看见了一幢价值十万法郎的房子。”那么他们就惊叫道：“多么漂亮的房子啊！” ,0,AnBh
最爱最爱的一个童话,0,captain
8块钱的卓越特价书，买来收藏的，印刷质量不是普通的好啊，铜版纸全彩页，喜欢。,0,麦子安
其实，最早爱上的，是一篇杂志上的文章，用小狐狸与玫瑰花引申出来的故事。看完后非常渴望看一看《小王子》原著。可实际看到了，却有点儿失望。受那篇文章的影响，我把《小王子》想象得不一样了，而且圣埃克的节奏太慢，而我一惯不喜欢慢的东东。,0,lulujiang
想起你 我会很幸福,0,模范生
那时还小，在本子上记了写句子，竟一直不忘。,0,住天台的葵花君
"如果可以,我也想一天看无数次的夕阳.我爱那朵玫瑰,它不懂",0,叮叮满当当
请你驯服我吧,0,阿兜兜
蛇和玫瑰都是你之必经.,0,冥王星早餐
驯服是建立联系。。。。本来你于我不过是千万普通小男孩之一，我于你不过千万普通狐狸之一，你不需要我我也不需要你，但是如果你驯服了我，我们就互相不可缺少了。。。。只有被驯服了的事物，才能被了解,0,Archer
太哲学了。。。,0,芒果兜
玫瑰花。小狐狸,0,易悦
你这儿的人，在一个花园里种满五千朵玫瑰，却没能从中找到自己要的东西。,0,orea  浮夏桑
曾为一个人抄过英文版的小王子,0,了了够不着
超爱.,0,Closer睡着了
这本书大概就像猜火车一样吧。。。,0,Amanda A
说实话我读不懂。难道因为我看的中文么,0,伊泽瑞尔的女票
重新又读了一遍，有各种各样的感动，却是道不出的,0,Hutzenberge
WRJ服了你了，就不能挑个为看过的版本……,0,临时改个名
童年的经典，现在依旧感动。,0,东方星
如此凄美,0,西瓜太忙
现在你在我眼里只不过是一个小男孩，与成千上万个小男孩没有分别。我不需要你，你也不需要我。我在你眼里也只是一只狐狸，与成千上万只狐狸毫无二致。但是，如果你眷顾了我，我们就会相互依存。你对我来说，是世上的唯一；我对你来说，也是世上的唯一……,0,杰瑞
爱情童话。,0,[已注销]
最喜欢的童话故事。,0,言语尽头皆虚空
酒鬼 和 小狐狸和那只蛇 你更记得谁？,0,此号注销
即使是一本感觉写给儿童的读物。我仍然觉得以我现在的认知都没能完全读得得到作者想告诉我们的东西。我实在喜欢这本小书的感觉,0,Hygge
你跟她之间，需要驯养。。。跟你说房子，你会想到多少钱呢还是先想到漂亮吗？,0,大鹏
真正重要的东西用眼睛是看不见的。,0,加菲猫
我在看你，你在对我微笑吗？,0,Allul
洁净,0,横衡室上人
其实并没感动我，但《小王子》依然不失为一个充满寓意的故事。,0,[已注销]
好难过,0,千叶君
不只是童話,0,教堂殘死蘿莉碾
靠 不要说我没看过童话！,0,金桢辜
一本属于成人的童话，在忧伤中成长。,0,相过
“他们在车厢里不是睡觉，便是打哈欠。只有孩子把鼻子贴在玻璃窗上张望。”“只有孩子知道自己在寻找什么，”小王子说。,0,阳光小披萨
更像一个寓言,0,阿狸
一切都那么单纯美好,0,小叮当
回家又看了一遍,0,查理布朗
读着读着就老了。,0,[已注销]
第一次读，还没读小学。拼音读本。十年后一下子风靡全国。。。但是还是很喜欢。,0,我的名字叫橙。
我是小小星球的,0,看山
我就是那个小狐狸,0,纯情小处男
小王子该回到玫瑰花身边，还是去驯养一只狐狸，时间会是最好的答案。,0,河马酱
不好看~~,0,大脸猫
小王子是他~~,0,我是蜗牛跑的快
最近听了好多小王子的歌,0,一棵香菜
很难得到的满足，有时很简单就可以做到。越变大反而越难快乐。为了眼前的事物而忽略迷惘－－[正重要的东西，是肉眼看不到的]。心态眼界…什么事情世界第一正经，世界第一重要？每个人的取舍都不同，每个人都有其偏执的症状。大块呆，还是你小块的时候聪明伶俐。,0,路過的仙子
好多要慢慢消化的人生哲理。。,0,浪里个浪
唯一的玫瑰花,0,yvonne
谁是谁的狐狸，谁会被驯服呢？,0,橡木
小王子和玫瑰花的对话最为心酸。,0,Sean
也许是成人童话，没法让我那么感同身受。我有时候会被文字感动，但是我没有被书打动。,0,弹跳
满溢的高贵，淡淡的忧愁。,0,Fiiiish
小王子真的好好，我希望他真的被毒蛇送回去了。,0,黑猫警长
依旧温暖,0,小野兔子
我的那朵花,0,毛毛_毛毛
曾经做过一个测试，我的结果是狐狸。,0,吉衣
"短而精悍,写给大人看的童话",0,Λα νιδα
如果这就是爱。所有的微笑都凝成一滴泪。,0,栗子君
一直对那只驯养的狐狸很有感触,0,lonelyplanet
一两个小时内看完的小说，或者还没有品味到其中的魅力吧,0,Water原
我也会画那条吞象的蛇~,0,boat_曉
呓语,0,郑洲
有空多读读,0,加菲～
一把年纪才读小王子.......，小孩子要原谅大人.......(下半句是什么=.=),0,暗流
"在心里默默忧伤
",0,一支禾
"如果我遇到了我的玫瑰 我会好好照顾他 为他倾注我的照料 我的爱
附上adam里的话 一直以来 我以为我是小王子 他是飞行员 后来才知道 其实我是飞行员",0,七夕
你驯服了我 我就是你的,0,寥寥
“因为你把时间投注在你的玫瑰花身上，所以她才会如此重要。”,0,冬青忍
看了一遍又一遍 还是哭了,0,粉红mary
以后我小孩的枕边童话书必须是它,0,围剿匹诺曹
小王子仿佛是个梦,0,小十七.えい
泪水的世界是多么神秘啊！！！！ ◆ 我会住在其中的一颗星星上面，在某一颗星星上微笑着，每当夜晚你仰望星空的时候，就会像是看到所有的星星都在微笑一般。 ◆ 人不应该听花说些什么,0,[已注销]
说实话，我觉得我没读懂。。。可能是因为长大变笨了。。。,0,月下笛
嗨 来和我一起玩吧/我不能和你一起玩，我还没有被驯服呢。但如果你驯服了我，我们就互相不可缺少了。对我来说，你就是世界上唯一的了/ 终有一天我会离开，到那时我必须独自前行/ 长大并不是坏事，遗忘才是/ 你会成为一个很棒的大人的 --- 我觉得这不是一本写给小孩子的书，至少我之前读的时候都觉得读不下去，而在知道作者本身的故事后，读这本书的时候更是觉得到处都是忧愁。,0,Angel
这个童话太过伤感。,0,耳机杀手R君
有些童话值得我们回味一辈子,0,红颜素心
过一段时间就拿出来读一下……,0,伸伸如也
因为你，麦子的金色变得不同，因为它让我想起你。,0,SarahZ
"经典。牢记 吃了一头大象的
               蛇",0,sunny
故事本身很简单，但正如故事所说，人生本来就很简单，复杂的是人心。假如爱一个人爱到极致，那么他就已经与别的人不同。是这世上唯一的所在。,0,亦如是
这。哪里适合小孩看了。。,0,nolookpasskidd
我很嫉妒那朵玫瑰。,0,Twinkle
永远是最感动的  书借出被弄坏 要去买一本收藏才好,0,北墨食堂报社员
一天读完，一辈子都在回味。,0,坏薄荷绿
14岁后的第三遍重读，觉得好似童话版的悉达多，但却异常柔软。,0,serietempo
小王子我去你星球做客好吗？,0,微喵の兔纸
重要的东西是看不见的…,0,Zeus
永远保持一颗童心,0,夏小娃
想起来我也读过,0,半缘君
对爱迷惑的时候，来读小王子吧,0,葫芦娃ABTest
玫瑰狐狸都不是，我想做小王子可以么？,0,天使愛美麗
一次次证明自己过了读童话看动画片的年龄是很蛋疼的事情。,0,茶树菇。
看完之后，就特别想开着飞机去沙漠看落日。,0,公民凯丁
成人的童话，言简易懂,0,四叔
“重要的东西是看不见的”,0,Weiming
我还是觉得这书适合小朋友看,0,小四喜
我分别在恋爱前，恋爱中，失恋后，看过《小王子》每次看都有不同的感受。哎，一本好书,0,德伯家的裘德
如果玫瑰是一朵懵懂的爱情，那狐狸就是一首麦色的诗歌。,0,西凉虫
正因为狐狸跟小王子说的那句话，正因为小王子驯服了狐狸。从此它的世界开始不一样了。,0,DearCindy
这本漏掉添加了嘛～这个版本《小王子》“读过”居然有11.7万呀～～好像是豆瓣之最诶～,0,小k
很温情的童话,0,茶壶泡茶茶杯喝
经典童话,0,阿特米斯雷宣
"讀這個，the first time ,the first time that i wont to grow up~",0,Farmingosis
每个人都有自己心中的小王子。,0,吉水
当年没觉得好,0,伊藤不二
我只能说我懂不了 他没有带给我那么多感动 长大了再看就是另外一个故事,0,我是你腿毛哥哥
他存在过。是的，但他与我们的生活无关。,0,cbs
因为你 再也没翻开过 没有成为被驯养的小狐狸 我说了伤人的话 对不起。,0,么么小狐狸
不只是童话,0,拆下
据说这本书隐含着其它的东西,0,沉声
为了那朵我浇灌了心血的花，她所以独一无二,0,小刀会
"我最喜欢的童话。的一次读，是妈妈送的圣诞礼物，一千零一夜和小王子。
这个故事是我在迷惑不解时的灵药",0,Jagger
每个人心中都有一个小王子，情愿做那朵玫瑰花。,0,七公举
美丽和忧伤,0,塞林格的考拉
简单,0,问名
心有少年方可看   ,1,少正卯
很可爱。,0,光
唔，我也成大人了。小王子还是小王子，我想做狐狸的梦没法实现。,0,姬占占
你花费在我身上的时间，让我觉得自己无比珍贵。,0,[已注销]
本质 往往眼睛是看不见的 用心去感受  小狐狸教会小王子去爱   小王子学会去守护骄傲的玫瑰花  我们的生命中有没有一朵玫瑰花 需要我们耐心的去聆听 认真的爱呢        【星光下的奔走，滑轮的歌唱，双臂的努力，让丼水变得更甘甜。我喜欢圣诞树上的铃铛，午夜弥撒的音乐，圣诞夜点点的星光，让我的圣诞礼物多了一些欢乐】,0,Shirley&雪梨
远有一颗孩子一样的心。爱着世界的一切。,0,墙与鸡蛋
每个故事都能看到很多东西,0,Zest_Rρ
你驯养了我,0,Sam@房子
小王子，一个关于那个时代的童话寓言,0,νους梵隱
My cup of tea~,0,Keane
最爱,0,猫窝
站在新华书店几个小时看完了。希望永远是长不大的小王子,0,俏皮猫
每读一次都要感动一次的书籍，爱那株矫情、虚伪而又可爱的玫瑰。,0,木栗色
最美又最残酷，不是童话的童话,0,白·娘子
这不是童年的回忆。,0,新年新气象啊竹
DC送我的第一本书，看了好多遍，珍藏了很久。先看中文再看英文，是一本写给大人看的童话。,0,阿钰_Miss Y
很纯粹的一本书，关于爱、关于生活。抽掉了浮华的修饰，留下最本真的善和美，让人不由心动，也有那么一点心疼。,0,啦啦
"　我们中的大多数人，似乎都已经忘记自己曾经是个孩子，忘记自己还有眼睛和耳朵，可以感知一切天造地设的自然和美好。多少眼睛被五色流光遮蔽了，看不见四时更替，季风的颜色；多少耳朵被万象喧嚣堵塞了，听不到落叶簌簌，沉默的歌唱。 
",0,安娜
小书一本，归类为童话其实不是童话。童话是给孩子看的，而孩子肯定看不懂这样的书。实际上是标准的成人童话。媒体赞誉的同圣经并列有些过誉了，但是五星级小图书还是一定的。,0,appleleaf
我觉得，这本书，可以一直一直 ，慢慢翻，轻轻看，我好像还是没有懂,0,你们路
生活越简单，越接近真实。,0,dayu
呜呜呜这么悲伤的一本书,0,[已注销]
每个人都有一朵属于自己的玫瑰花。,0,Ms.I
也可以说是一部教育成人的童话哲学,0,❤、拂晓❤
孤独的小王子让我体味到生活的纯真与美丽，简单与澄澈,0,雨人里德也
热爱生活，生活总会带给我们很多惊喜！,0,vmile™
总要离去,0,灵感爆棚嘛嘛桑
老少皆宜的故事。 精美的图书。,0,ls_steven
大人们总是需要很多解释，大人们总是误会我们。,0,恋恋旧日好时光
真的是睹物思人啊~打算再看一遍英文的，然后找个有声来听听~,0,黑炭
我希望永远保持一颗单纯的心。,0,陌上
狐狸说 请你驯养我吧,0,一颗大白菜
我没法像个农民那样善良 只是麦子还在对着太阳愤怒生长。,0,钰恩
或许我过了看童话的年纪，或许是因为我的经历已不适合装小孩子眼光，他讲的道理我都懂，并不觉得有多深刻，over。,0,叹小姐
也许希望过高，没有觉得感触很深,0,Rita
小时候,0,zokie
"挺好,但是一沾上童真什么的豆瓣青年就要狂赞把这书搞变味儿了",0,千里驴
“这就像花一样，如果你爱上了一朵在一颗星星上的花，那么夜间，你看着星空就会感到甜蜜愉快，所有星星上都好像开着花”。 ,0,我是苏生生
傷心的時候，我還能看著你。,0,呆呢鹿夢遊中
我敢肯定你找不到一个比它更温暖更柔软的借口,0,有所思
选择被驯服的狐狸，以及金黄的麦穗，懂得了爱情的玫瑰，如此让人心醉的故事……,0,farfaraway
过誉,0,Gru♪~
人與人之間的關係也像是馴服。,0,秋花大人
如果你发现视若珍宝的玫瑰只是玫瑰园的普通一朵，如果你发现你心爱的唯一只是人间的普通一员，你会如何呢。比起小王子遇到的各种奇异的人生，这才是我们最该正视的问题。,0,羽沐
短短的一篇，美好的童话啊,0,小暗灯
其实我只是怕被你驯服。,0,哆啦A伦
一开始我不懂小王子，但是我懂得那些被大人们看做一无是处的画作；我也不懂得那些星球上的人，但是我懂得一个人的星球为一朵花而喜悦，然后我就知道，我为什么要看这本书了,0,MOMO~DDD
这就是我的秘密：其实很简单 我们用心才看清楚，用眼睛是看不见本质的东西的。。。总觉得童话之所以是童话只是大人们的冠名 我不知道其他人 我小时候看很多童话故事 但我从不认为那不真实 完全沉浸在其中 伤感多一些 困惑多一些 好多不解 也有腾云驾雾王子公主般的美梦 都是童话带给我的 这样的影响一直伴我成长到现在 很多人说看不懂这本书是不是失去了 心灵里纯真的东西 我觉得我是不是算幸运呢 一直是这样 但有时也会被自己的傻气所懊恼 还有很多事情等着我去做呢。。。想回到小时候告诉那时的我 你很好很专注 虽然有点怯懦有点小傲慢虚荣 别担心 由现在的我来替你补偿。。。我要哭了。。。,0,未来酱
无处不在的隐喻 无处不在的浪漫童话,0,[已注销]
自始至终我都认为小王子死了,0,溜溜
温暖到使人想落泪~,0,[已注销]
虽是童话，讲的确是成人都容易失去的东西。有点讽刺的意味,0,迷死脱迪
好像读过 又没有读过。,0,芃。
这个是不是科幻小说,0,[已注销]
原先 以為 我無法進入 小王子··原來 還是可以的··純真的文字··喜歡 B612··,0,米樂 
忧郁又爽朗的小王子，虚荣又难伺候的玫瑰花。。。序言里说这是圣爱克苏佩里写给妻子和好的文字，我觉得他是在学着与妻子的这段感情和解，与这个成人的世界和解，与自己那颗童心和解。。。只是最后他也不知道得没得到谅解，于是他消失了。。。多么的悲伤。,0,猫小姐
看过超过五遍的书,0,花间一壶酒
"it's like a dream,a quiet and fragile dream.",0,三颗猫饼干
算是部成人童话吧。最后结局没怎么看懂，小王子到底死了没？不过作者是想告诉我们，恢复儿童般的纯洁和初始吧,0,RW
重读一次。,0,Iris
看之前为什么没人告诉我是悲剧呢？？赚走了我多少眼泪啊！,0,爱笑的眼睛Q
长大吧。去变成敢于承担的大人。读书也好，钢琴也好，唱歌也好，写作也好，统统变成单纯的爱好。要相信自己的宽宏。要相信自己也可以靠自己的力量活在这世界。心安就好了。,0,落雨
我想我还是爱玫瑰的吧,0,姬·三十
"可惜我没有多少体会,虽然啊那么多人推荐....",0,伟大的大伟
小王子的书读过很多遍了，每次都很感动。,0,Anniel
爱得不得了~,0,红茶
王子你还好么。,0,小米
你们大人就是这么奇怪,0,武好好
对我而言，你不过是一个小男骇，和千千万万个小男孩没有两样。我不需要你，你也同样用不着我。对你而言，我只是一只狐狸，和千千万万只狐狸没有两样。但如果你驯养了我，我们就相互不可缺少了。那时候，你就是我世间上唯一的人了，我也是你世上唯一的狐狸了......,0,谢之艾
简单 天真 纯洁 质朴 深思 ，给谁看的呢？,0,平凡的老鱼
高中读过不知多少遍,0,我才是黄袍怪
" 我看到你的时候没有太多情绪 ，序幕缓缓拉开 ，顺着情节我也只是看到了一个小男孩在幼齿的年纪哀怨彷徨 -----你狠模糊，甚至对于我来说短瞬一眼我记不清你
我知道生活没有在我身上烙下深深地印记---也许我还太年轻吧
  所以你那么不深刻",0,宇宙大魔王
只是喜欢这个故事.而不是你们意淫出来的道理.,0,无心
有点萌了。。。,0,Yue Wang
i hope to be tamed.,0,大力斯特朗
唏嘘有童心的作者的人生际遇。,0,Nuuuuuul
小時候的我，沒有讀懂，果然，童話都是大人寫給已經不是孩子了的大人看的。,0,3月的樱花
也许这才是我读过的第一本哲学书。,0,cc
没看多懂，除了狐狸和玫瑰那里大概懂，是否意味着我还不够成熟,0,东写西读
哲学也可以这样写～,0,Slacker
很多简单的道理，却往往被我们忽视。,0,一拖
"See the world with your heart, not your eyes.",0,Swing
yoi,0,Matrix
忘了看自己的内心 是件可怕的事。。,0,大呀么大罐子
独一无二的玫瑰。,0,偷窃自由的贼
肉眼看不见事务的本质，只有用心灵才能洞察一切,0,TopC
说实话，没看明白，懵懵懂懂知道了点意思，嘲讽社会？,0,颜微之
不是这个版的……,0,小象
小王子最终选择回到最初的地方去和他的玫瑰花在一起，其实回到最初的地方除了死亡，再没有别的办法。,0,mR.差不多
我不作你的玫瑰花，因为我想与你互相浇灌,0,R
"对我而言，你只是一个小男孩，和其他成千上万的小男孩没有什么不同。我不需要你。你也不需要我。对你而言，我也和其它成千上万的狐狸并没有差别。但是，假如你驯服了我，我们就彼此需要了。对我而言，你就是举世无双的；对你而言，我也是独一无二的

",0,旧曾谙
感动死了  童话最爱小王子,0,[已注销]
成人 的童话故事,0,依米
看了三遍还没有看出名堂来的书。是我阅读能力低下，还是豆瓣文青抒情水平太高呢……,0,AzureAoi
a tender touch at my solid heart,0,Mr. White
说真的我不喜欢这本小说,0,¯﹃¯
王子会回到玫瑰身边的。一定。,0,SayNooo 
很钟爱这个故事,0,安静
恬静，空灵，不懂！,0,仗剑走天涯
又读了一遍。爱的总是狐狸，被爱的总是玫瑰，这总是有点可怜又无奈的人世。对普通人来说，唯一的不可被替代的人，真的存在吗？,0,chilly
假如你问他问题的时候他避而不答，你肯定想到他是谁…,0,慘綠青年5後
纷扰社会，浮华尘世，当躁动充盈四周的时候，这本书就心灵的一滴雨露，清新的，温暖的，简单的。,0,楼楼兰兰
"真正重要的事，用心才能看见。
",0,wisdom
喜欢那只等待被驯服的小狐狸，那个小秘密：只有用心灵看，才能看得清楚，本质的东西，眼睛是看不见的~ ps：比如说，你在下午四点钟来，一到三点钟我就觉得幸福了~,0,qianmo
我装扮我的心情，只为等你到来。,0,熊三三
翻完之后，竟有一种淡淡的忧伤……,0,阿狸
sad sunset...,0,蘑菇小丸子
因为背负盛名，所以我看了，但是没有像它的名望那样对我产生太大的影响力，我觉得蛮别致的一本书。感觉和康永的文字有点类似的感觉。,0,精神导师黄耀明
每个人心里都住着一个小王子,0,隐形超人Emily
  很好的一本书。读的时候我觉得心灵被过滤了一次，更能发现生命中重要的东西；让人感动；和alchemist有点相似，但更具有美感,0,Catnip
成人童话。,0,安叶
因为5亿颗星星的缘故，谢谢你,0,苏西Susie
"它是那样的独特，简洁又饱含意蕴。
你为什么喝酒？",0,春雨如酒
不想长大。。。,0,鹿野洋子
我曾经迷恋小王子、迷恋着的时候、我做个一个美丽而磅礴的梦、星空下有巨大的烟火闪烁、我爬上山顶、有一个老式飞机转动机轮、来接我、,0,四三三求顿悟
“开始你就这样坐在草丛中，坐得离我稍微远些。我用眼角瞅着你，你什么也不要说。话语是误会的根源。但是每天，你坐得靠我再近些。…我想起了狐狸的话。如果被人驯服了，就可能会要哭的。”,0,[已注销]
再见，亲爱的玫瑰花,0,dream
送给我弟了，我小时候没读过,0,Paradox
这个星球没有你心中那朵独一无二的花朵,0,会按摩的铲屎官
管书店的时候读小王子，真他妈的窝心啊。,0,散。
only the 2nd time,0,Y.O.U
买了本送给Share，都不知道她有没有读？,0,[已注销]
每逢伤心的时候总要抱出来读一读~,0,[已注销]
文艺心萌芽时看的书，现在被引用的不想再看了。,0,叶
那一朵专属的玫瑰花。,0,李佳倪
终于看了呢,0,溪
我看不懂,0,1分钟前
致逝去的自己。。。,0,愚行录
小王子若读《小王子》不会有什么特别感受，《小王子》不过是大人的童话。童话背后的残酷哟，啧啧啧啧。小王子游历过的那些星球上的人们正如地球上的人们一样,0,食袋姐妹花
很温馨的一本书,0,[已注销]
如果抱着一种文艺的心理 以一种文艺的姿态来看 的确是不错的 不过当我们真的喜欢这本书的时候 估计已经不那么纯真了,0,思夏无邪
觉得就是看了一个很奇怪的童话故事。我不感动也没有什么思考。能给它四星是因为这是一个很美好的童话。代表了昔日的一些梦想。,0,水浮莲
越到后面就越觉得G情，怪不得《渺渺》里还提到,0,雞皇飯
 为什么不愿意看看小狐狸呢,0,吃桃的三藏
我也许一直没看懂过这本书。尽管读大学时，我看的很认真,0,小松鼠
这本装订很喜欢，想读！,0,-1000℃
其实木有看懂 不过 每个人都是小王子吧 或者 曾经是,0,[已注销]
童话之最好。,0,张如城
最喜欢的一本童话了 高二看到 到现在大二 还是不变的喜欢 里面很多东西一生都受用呀,0,Synaesthesia
小孩看的 我看着无聊,0,亲爱的宝哥
我也想要一朵独一无二的玫瑰花· · 我也想要看四十三次日落· · ,0,醒醒妹
这个版本挺精美，不对我不太好这一口,0,高尔康
我反正看得不带感，以后什么时候再看次吧~,0,叁土
我是不是真的失去童心了啊，觉得这本书很没意思啊。,0,我的饭好了吗
小清新至爱,0,明月何曾是两乡
这是一本在任何年纪都需要重读反思的经典书~,0,Little Miss
我喜欢那个等待爱的狐狸。,0,Fu4444
真的 真的  很好看,0,llll
还应该再读很多遍,0,逗乐儿
我要买给我妹作为圣诞礼物~~~~~~~,0,叉呀叉
我是个俗人，我喜欢这个作家的传奇，可是原谅我看不明白这个书的深意，也许我没有那么有童心，可是那么多人追捧，你们真的看明白了吗？,0,林声
"高三中午，那个大大的自习室。。。读完这本书。。。
永远记得那句话。。。
如果你被驯服，那就是冒着流泪的风险。。。
所以从那时起，我便不再轻易流泪。。。",0,粉红抱抱
这本书当初让我甚至想学法语，甚至我还真买了入门教程。,0,非无衣
还是借啦啦的…看不懂啊不好看啊,0,silmeria
想再读一遍,0,ShinyShingle
“但她只要一朵就胜过你们全部，因为她是我灌溉的那朵玫瑰花儿;她是我放在玻璃罩下面，让我保护不被风吹袭，而且为她打死毛毛虫（只留两三只变成蝴蝶）的玫瑰;因为，她是那朵我愿意倾听她发牢骚、吹嘘，甚至是沉默的那朵玫瑰;因为，她是我的玫瑰。”除了这段和驯养那里，别的都很无聊。,0,walkin'stomach
喜歡狐狸。,0,Bosie
执念的小王子 其他没看懂,0,医一叶
麦子的颜色,0,陈号外
不记得哪个版本了 总之是很经典的童话,0,蓝朔
孩子们要容忍大人,0,Summer_夏没mò
"老实说,我没有什么感动.",0,马赛克许
一个关于驯养与被驯养的童话。我希望我成为某一个人的玫瑰花。,0,毒粒无晴菌
不知道选什么标签，难以归类，好喜欢的一本书,0,llllllily
"很精心去读的一本书
",0,不比
= =,0,埃迪豪
思考,0,飘飘天地一个毛
你的玫瑰花，独一无二,0,o猫ops
凉薄而纯真美好。,0,猫缶
我愿看那三十四次日落。,0,Helen
绵羊把玫瑰花吃了还是没吃?,0,SamsaraＷ
童话固有的柔软文字带给人的却是抽丝剥茧的快感与痛楚,0,轩煜
我的此生最爱的一本书吧,0,NN
二年级的时候还是看了很多书的嘛!,0,阿苏勒丧。
像没受过伤一样的去爱吧~明知道结局不好也去爱吧~,0,坦克
我总是不懂那些到处推崇的书 到底是想让我们看明白什么 反正我是没看明白,0,黍离
四星半。《小王子》中有很多纯朴感人的经典语句，值得用心体味。,0,浮生若梦
我能不能是那朵帶刺的玫瑰，在沙漠裏遇見我的小王子？,0,[已注销]
"我读过么  ？ 忘了
",0,叶一野
我记得他的狐狸，那段对话。。。他的花朵，那个点灯的人。,0,三金
希望能给未来的女儿在睡前读这个故事,0,大椰子
你必须告诉他们你读的是装逼必备《小王子》，人们才会惊叫起来：哇，就知道不是那夹心饼干！！,0,czhfrank
当我已不再相信童话的时候才读到它。有些书我读的太早，有些，太晚。,0,晴天
不解释。,0,猫酱
需要在一个安静的地方，安静的看完。,0,不眠飞行
超级爱的特别特别特别美的童话~~~,0,右
曾为一个孩子，是人类的福分。,0,路人贾
= = 中英法三语啊,0,nobody's
我只是想我，我已经很悲哀的长大了。而且是长大后才看的这本书。所以我无法爱不释手。后来再回忆，应该打五分,0,貘
很大很大了才读的童话,0,迩喆
我们都是小孩子，迷了路的小孩子,0,cc
2003.1,0,按图索骥
我特别想知道这本书到底好在哪里。,0,[已注销]
我觉这是最好版本,0,咕噜噜不见了
你们不要装清新嘛，我觉得好看，但还不至于好看到丧心病狂地步吧,0,安藤朝野
感动得快哭了。,0,∑×pe℃t.
on est responsable de ce qu'on a apprivoisé.这句话鞭策自己甚于教育小孩 从今天起牢记,0,Charlene
也许是我没有多认真的看过这本书 我不喜欢小王子也不喜欢玫瑰花,0,懒懒。
越大越看不懂了,0,涤生
没的说！非常动人,0,搜索不到这个人
精美的文字版绘本（中英法文）,0,Flâneur
送给。。。当他还是个孩子的时候。,0,桜川墨染
忽然发现这本书不见了。,0,[已注销]
终于看了~原来是个关于爱情的故事,0,艳子磨磨牙
很纯粹 可能道出了每个残存着一丝浪漫的成年人的心声,0,42
随书附赠的小册子很美丽~,0,半夏
经典经典。。。,0,青木蓝
就在于那麦子的颜色。。。,0,渊池
这是一篇关于爱情，也关于人性冷暖的童话，有着现实的影子。人的自我麻醉，自私，冷漠，没有创造力，物质化，金钱主义。。。等等。童话仍需慢慢品味。,0,小.情绪
回到612星球了吗？,0,Esther ☆o☆
因为有一朵我们看不到的花儿，星星才显得如此美丽。沙漠美丽，因为，沙漠某处隐藏着一口井。,0,___丁野人
这个版本印象深刻,0,[已注销]
看来我是老了。我居然看懂了！！！,0,阿呆呆呆呆呆呆
本质是肉眼看不到的,0,∞
很短 却曾在我心中滑下一道长长痕迹的一本书。,0,[已注销]
la rose ressemble a une belle fille sans la securite,0,猫瘾
补全完毕，童话就是童话。,0,李高尚
第一次读的时候 觉得它说的是童年 后来觉得是驯养 又后来觉得是爱情,0,Anastasia!!
一直对驯服耿耿于怀。,0,契诺
天哪！看来我真的是丧尽童心了！,0,xi-xia
看英文真累。。。,0,扎西_
“一天看四十三次日出，你怎么会这么苦闷？” 看《小王子》看湿了。,0,不知名的旅者
那年夏天，爷爷家的院子里，小王子...,0,shayla
如果有一个人爱上在这亿万颗星星中仅有的一朵花，这人望着星空的时候，就会觉得幸福。,0,希阿拉姆QYT
"驯养的故事,唯一的玫瑰花,回家",0,泉
"圣埃克苏佩里是最接近先知的
",0,极简主义
还是觉得，小王子应该和狐狸在一起。玫瑰花去一边盛开。我有星星。,0,雀斑子
我心爱的小王子，你在哪里？你和你的玫瑰花好吗？........,0,落
It's lonely among men,0,Angeline35
我们永远也得不到那朵心中的玫瑰。,0,哇
读了好几次，连续的，没读完，，，，没那么好吧？哪就那么纯净透彻的像水晶了？要不我再看看吧。。。。。。,0,一击必杀女刺客
小王子是我的小心肝,0,Salt  Air
"你有一头金发，如果你驯养我，那该有多么美好啊！金黄色的麦子会让我想起你，我也会喜欢听风在麦穗间吹拂的声音。 
",0,Sorina
成人的童话  且不废话,0,早阳飞
美好,0,look
故事都在画中，画中尽是哲理。画了一条吞了大象的蛇，但大人们都说是帽子，他感到沮丧，唯独看到大象的才是同类。我小时候也常常幻想，天马行空，觉得每晚都会有一只手伸进窗户，拿走我一支笔，但是爸妈都不信。很久都不会在台灯下，我和窗外的它对话，成长就是失去童真和干净。,0,厘米
大人真不可信，不好玩。,0,秦人
你把我变成了玫瑰。,0,七月葵
这大概是最伤感最成人的童话吧。,0,falsefish
“每个大人都是从做孩子开始的，然而，记得这事的又有几个呢？”很高兴被这个童话故事打动，也很高兴迄今仍然拥有着大人们享受不到的那份愉悦，一个人晚上静静地坐在学校后花园的秋千上，看看星星，听听虫鸣。,0,一个人去旅行
这个版本我好像也买过,0,Chris
一失眠我就看一遍 这是我看过的最悲伤的童话了,0,Couch Potato
"丝毫不觉得有什么可“耐人寻味”的，在如此荒诞的故事之上构筑所谓的那些“经典语句”是经不起推敲、毫无内在逻辑的。
随便看看就好，抓起什么都要绞尽脑汁捕捉深刻意义的家伙最反感了。",0,菲氏橡皮糖
B-126,0,乔什
反正反正就是自己觉得自己就不一样了。,0,林浦东
把小王子的玫瑰放在玫瑰花圃里他是找不出来的.....这么多年我一直这样想的.........,0,+
发人深省,0,○Ⅴ○
很可爱~,0,好玩的碧莹
长大的确会变笨。我再也没有那些奇奇怪怪的读后感了。,0,王二家孩子先生
就是孩子的童话,0,尤诺
我們長大以後就不再純真簡單了,0,Lim-ah
一定要把它保护好,0,ちんしん
从此你是我的唯一，我也是你的唯一,0,七七
温馨,0,ABO
我用IPT看的第一本书，很舒服,0,ωеīmψ
看似很稚嫩的语言，确实再说很深的哲理。,0,呼呼
我被感动了。,0,Mr.红
总是会读到落眼泪……,0,一不小心就认真
  如果你驯服了我,0,巴斯光年
"全世界都知道的小王子
",0,大聪聪
童话故事是给成年人读的。可以读到落泪的童话。,0,一朵向阳的小花
自由把生命投向蓝天的飞行员留下的神奇宝藏，比我家牧羊还要早接触到，与青鸟成为我心中的双子。,0,王傻傻
非童话,0,小C要加油
my little prince,0,C'est Candice^
过。,0,Moro丶
看起来很快的书。,0,说服改造中心
仪式是什么？它就是使某一天与其他日子不同，使某一时刻与其他时刻不同。,0,刀刀
好久了忘记了,0,Moooew
发现很多事情都可以与之对照,0,Vinko
是的，始终都不能否定小王子的价值。有时候是清醒剂，有时候是软化剂。但现在开始一段时间不要读了，太纯净太清楚有时候也是温床。我需要更粗粝的一些东西来磨一磨,0,Azure2.1
當你感到悲傷的時候，就會喜歡看落日。,0,二三夏°
于我圣经般的存在,0,Midori
真美好呀~,0,choker
我最爱的一本书，是我此生的圣经。,0,橙客
我永远的小王子,0,王三
还是往爱情方面想么？,0,爱穿裙子
我爱狐狸。,0,萱草离离
圣爱克絮佩里，飞行员TuT,0,[已注销]
就连忧伤都是孩子式的,0,Kulty
最美的礼物,0,v.
"诸多温暖和安慰……
“这就象花一样。如果你爱上了一朵生长在一颗星星上的花，那么夜间，你

看着天空就感到甜蜜愉快。所有的星星上都好象开着花。”
教会如何爱人，爱世间一切人……",0,一朵黑猫
美好的单纯。,0,[已注销]
水晶一般的文字,0,akito
适合大人读的童话,0,七叶一枝
看完逃跑计划的清晨，读着小王子，小王子告诉大人们，生活不是只有所谓的“正经事儿”。好好享受生活。,0,刑訴科代表
我一直弄不懂它广受喜爱的原因,0,袷衣
玫瑰花和小狐狸,0,白雪鸦鸦
我想我是狐狸。,0,[已注销]
第一次看，很多没明白。。。,0,TRKZ
有时候真想遇到狐狸教会我如何驯养它呢？送出那朵孤独的玫瑰花！,0,好青年
我们长大了，我们变笨了。,0,It is 聪.
深刻的道理，孕於簡單的話語之中。,0,軒轅鍾書
对事物倾注时间和心血，它才会有意义。也才能真正感受它,0,四月
要像一只狐狸那样勇敢地去爱,0,Delay No More
一部大人的童话,0,Mr.W
给十星行吗,0,温室花朵
愛與責任。一直覺得自己長大了應該重讀一遍小王子。,0,蛋奶星星要開心
"一只等爱的狐狸,一朵骄傲的玫瑰",0,餓夢
诗一样的童话,0,腻酱
刚刚读完，太震撼了，眼眶都湿润了。“只有孩子知道他们自己在寻找什么。”有些事大人们是不会懂的……,0,盘丝大仙
这本书为什么会红？世界真奇妙。,0,田七七
书单,0,天心默运
在不同的年龄段看，有不同的感觉,0,两个大栗子
然而我却已经回不到十年前……,0,[已注销]
泪目,0,freefalling
一个小王子 一张小网子,0,会写兔字的兔子
我以前一直不明白爲什麽會有這麼多人喜歡這本書，現在我終於明白了，那是因為當年我沒有翻開它。,0,時間旅人
小王子越来越想念他的小玫瑰。  ,0,MH
5.99英镑搞了本英文版，居然还是print in China,0,思鄉の風
为啥被捧得这么高？,0,陈师傅
室友的读物，放在客厅，顺手翻翻也就读完了...,0,Dimple
"读懂了小王子，就读懂了……
回忆与希望的交织是最美的，不曾忘记，只是被时间所带来的纷繁世界所掩盖，“大人”，并不可笑，只是无限的伤感，经历了太多，懂得太多，所以才会复杂，那颗童心其实一直埋在心底，偶尔随风在尘封中开启，重现天日，光芒闪耀着，功利、世故、疲乏也沐浴在光芒之下，显现的将是不经世事的所谓的“纯真”，最初的，才是最美好的。",0,邮
"作者妻子写给他的信
其实、更喜欢",0,潹.
说实话感觉自己没有完全看明白。想起有首《612星球》的歌曲，出处应该是这里吧。玫瑰花的性格好别扭，为啥会被喜欢呢。小狐狸的驯服论挺动人的，很喜欢这一段。,0,E.T.
"风吹过
麦田沙沙作响
我又想起你金黄的头发了",0,小芥末不加糖
孤独的让人心碎,0,clover
这种书适合摆在床头,0,人生怎能有Bug
二十六节以后我不能明白。,0,showso_o总是很快忘记.
很小时候看过的，当时觉得只是好玩。但居然让我印象深刻。长大回想，却觉得非常有意思非常美好，有空会再回味一番的：）,0,江心月
我早该猜到，在她那可笑的伎俩后面是缱绻柔情啊。花朵是如此的天真无邪，可是，我毕竟太年轻了，不知该如何去爱她。,0,Irrris.
小时候去西图，帆子选的一本书。她说你看，仅次于圣经！虽然我也没觉得特别好,0,白白胖胖
童话亦寓言,0,三水
驯养,0,walker
小王子的哲学 我的最爱,0,Meow小喵
只搞明白一个道理，已经不错了,0,@
真正重要的东西眼睛看不见,0,烧酒婆婆。
大人们才能读懂,0,暴躁小泥鳅
嗨！你还记得么？那时小小的我我拿着同样小小的你的小王子久久不肯还给你。其实，只是，我觉得，这样会更虔诚。。。,0,游侠totoro
据说第二遍才能看出味道，可惜只草草地看了一遍……,0,萨摩风G-virus
适合一遍一遍地读，将自己的感情一层一层包裹在浅近的文字之外,0,燕翔高天
习惯——使某一天与其他日子不同，使某一刻与其他时刻不同的事情,0,寒吾纪
但愿人人心中还留有一个小王子~,0,邱秋秋
纯收集各种版本之用。,0,我一直在玩。
成人童话,0,平移沙丘
的确是一本成人童话……,0,Amita
一本常读常新，清新深沉的书籍。,0,简兮
有点着迷,0,卿一
人人想做王子的玫瑰。卻終究只是循循善誘的狐貍。,0,小柒゜
没有了你，我会学会麦田的颜色。,0,苦逼星下凡
"不错呀```可能看的时候还太小,没有什么感觉╮(╯_╰)╭",0,壹①→互相折磨~不死不休~~
牵绊。,0,丹青
"超级可爱的小王子，难怪那么多人推荐，
又是看了电子版",0,Jeao&Leon
玩具 一般。,0,饭 bean bean
一个它，一个 peter pan,0,[已注销]
很喜欢~~~好久没读了,0,一大人
高三时看过，关于驯服,0,阿不思
不知道为什么 我看到结尾时总是想哭 很想哭,0,詹小炮
童年的最爱，随着时光流逝，越来越觉得它矫情。,0,阿皮【·默】
谁的玫瑰，谁的王子。谁的小狐狸。,0,腾腾包子须儿晃
永远的爱,0,♪りか☆彡
看不是很懂,0,雲上晞
狐狸啊，谁是你的主人？,0,Sun.Flower.
"""Tame me"" The fox said.",0,[已注销]
初中时候看的了，觉得没什么意思，看来我的阅读水平还真是极差啊,0,老啊
简单而美好。,0,简小白/J.W.
很多人写文章的时候都要写小王子，好像不写，就觉得自己跟不上时代了似的，作者其实想表达的可能不只是孤独，可是却被无情的夸大了，悲哀。,0,吸血鬼Ether
可爱的童话。,0,雾留分儿
书摘：每个大人都曾经是孩子，可惜的是，很少大人记得这一点……,0,呆呆
如果你驯服了我，我们就互相不可缺少了。 对我来说，你就是世界上唯一的了；我对你来说，也是世界上唯一的了,0,羲和望舒
小公主呢？,0,雾霭少女在云端
恩，童话，小时候看到的话会更有感觉吧，现在已经淡了很多了,0,Andy Lin
重要的东西是眼睛看不见的，要用心,0,猫夢紫
似懂非懂,0,会思考的范范
是说我看完这本之后就打开PS2正式开始玩块魂…………,0,兔琉
努力啃法文版,0,吃货待爆发
刚好看过的版本就是这个～！插图是原版的，而且双语。,0,易璟笙
下雨天，重新再读了一遍，有了之前所没有的领悟。如同《Flipped》，值得回味。,0,田木
"纯真
",0,这里没有鱼
我喜欢的童话。,0,立早太太
挚爱。,0,卖梨
我只能算是个伪童话迷,0,子非鱼
驯服我吧。亲爱的,0,陳②喬
一生挚爱。驯养。,0,十七少
粗俗的我有点不知所以然= =,0,[已注销]
"我独一无二的小王子  珍藏
2007年自己给自己的生日礼物
纪念成长",0,[已注销]
又是断断续续看的。没看懂。我理解能力变得好差。,0,刘西光
这本书让我第一次感受法国人的浪漫和细腻,0,everest
其实说 我觉得有点装逼的嫌疑,0,[已注销]
小王子的那朵玫瑰,0,K.
最重要的东西，是肉眼看不见的,0,mirror仔
单纯而又有哲理，告诉了我们许多.,0,汐子是tamama
我们都是等爱的狐狸~,0,闭关怀挺思密达
 狐狸：你看，看到那边的麦田了吗？我不吃面包，麦子对我来说一点意义也没有，麦田无法让我产生联想，这实在可悲。但是，你有一头金发，如果你驯养我，那该有多么美好啊！金黄色的麦子会让我想起你，我也会喜欢听风在麦穗间吹拂的声音。,0,[已注销]
一直没搞懂好在哪里。,0,清风
我。没。有。看。懂。,0,shelleyni
还行吧，也许是我没认真看，但更可能是被某些人故意抬高了,0,Byron
简单，深刻,0,苏亦晨
看的时候觉得文字和图都平淡无奇，怎么会有那么多人喜欢呢?还成了世界经典？回味时才发现，那是爱的故事啊···,0,Boleyn
真心记不得看了多少遍了。。。,0,H-Windmuehle
柔软心灵……,0,Amber
买下这本书和坐在大班西点的秋千上读这本书的情景，至今仍然历历在目。,0,七叶
一遍一遍的抄写。,0,子皙
【1010】算是又很正式的读了一遍，留有余香的去驯服，被驯服,0,Carrie
- -,0,NOEL
从头到尾的温暖与忧伤,0,绿皮小火车
你是我的小王子 可我不是你的玫瑰花,0,mio
小孩子的世界真干净！,0,水被
"
玫瑰与狐狸。",0,rachel_zwy
永远的小王子和狐狸，站在遥远的星球上温暖我们的心灵,0,菲比
每个人心底都有个小王子。,0,Z7
初中时候 当它是童话书 现在 把它当做另一本圣经~,0,夏至线
人们搭着快车出发，但是他们不知道自己所为何事，最后只会变得焦躁，一直在原地徘徊。,0,BaoerZhang
最爱,0,wonka
虽然我一直不知道为什么这童话如此有名,0,wth76
forever,0,[已注销]
好天真的幻想,0,自由像海岸线
感动。,0,州云無
居然看到这个版本。。。神了啊不是么,0,Demosthenes
